word,zipf,in_dormant,wiktionary_etymologies,histories,sense_1,origin_1,sense_2,origin_2,sense_3,origin_3,sense_4,origin_4
on,6.91,False,3,2,"adjective: In the state of being active, functioning or operating.","From Middle English on, from Old English on, Old English an “on, upon, onto, in, into”, from Proto-West Germanic *ana, from Proto-Germanic *ana, from PIE *h₂en-.","noun: In the Japanese language, a pronunciation, or reading, of a kanji character that was originally based on the character's pronunciation in Chinese, contrasted w…",From Japanese 音読み.,,,,
just,6.43,False,2,2,"adjective: Factually right, correct;","From Middle English juste, from Old French juste, from Latin iūstus “just, lawful, rightful, true, due, proper, moderate”, from itc-pro *jowestos, related to Latin Latin iūs “law, right”;","noun: A joust, tournament.","Variation of joust, presumably ultimately from Latin iuxta.",,,,
do,6.35,False,4,3,verb: To perform;,"From Middle English don, from Old English don, from Proto-West Germanic *dōn, from Proto-Germanic *dōną, from PIE *dʰeh₁- “to put, place, do, make”.",noun: A syllable used in solfège to represent the first and eighth tonic of a major scale.,"as an easier-to-sing open-syllable revision to the solmization ut of Guido of Arezzo, from the first syllable of Latin Dominus (speculated by some to be an ulterior abbreviation of Giovanni Battista Doni) on the pattern of other Latinate s…",numeral: The cardinal number occurring after el and before do one in a duodecimal system.,Shortening of dozen.,,
no,6.35,False,3,2,determiner: Not any.,"Middle English no, Middle English noo, Middle English na, a reduced form of Middle English none, Middle English noon, Middle English nan “none, not any” used before consonants (compare a to an), from Old English nān, from Proto-West German…","adverb: Not, not at all.","Middle English no, Middle English na, from Old English nā, Old English nō, from Proto-West Germanic *naiwō, from Proto-Germanic *naiwô, from Proto-Germanic *ne + Proto-Germanic *aiwō, equivalent to ne + aye.",,,,
see,6.1,False,3,2,"verb: To perceive or detect someone or something with the eyes, or as if by sight.","From Middle English seen, from Old English sēon “to see, look, behold, perceive, observe, discern, understand, know”, from Proto-West Germanic *sehwan, from Proto-Germanic *sehwaną, from PIE *sekʷ-.","noun: A diocese or archdiocese: a region of a church, generally headed by a bishop or an archbishop.","From Middle English se, Middle English see, from Old French see,sié “seat, throne;",,,,
make,6.08,False,4,2,verb: To create.,"From Middle English maken, Middle English make, from Old English macian, from Proto-West Germanic *makōn, from Proto-West Germanic *mak, from Proto-Germanic *makaz, from PIE *meh₂ǵ-, PIE *meh₂ḱ- or PIE *meg-.","noun: Past, present or future target of seduction (usually female).","From Middle English make, Middle English imake, Middle English ȝemace, from Old English ġemaca, from Proto-West Germanic *gamakō, from Proto-Germanic *gamakô, from PIE *maǵ-.",,,,
go,6.03,False,2,2,"verb: To move, either physically or in an abstract sense:","From Middle English gon, Middle English goon, from Old English gān, from Proto-West Germanic *gān, from Proto-Germanic *gāną, from PIE *ǵʰeh₁-.","noun: A strategic board game, originally from China and today also popular in Japan and Korea, in which two players (black and white) attempt to control the largest…","From Japanese -, shorter variant of Japanese -, from Chinese 圍棋.",,,,
well,6.03,False,3,3,"adverb: Accurately, competently, satisfactorily.","From Middle English wel, Middle English wal, Middle English wol, Middle English wele, from Old English wel, from Proto-Germanic *wela, Proto-Germanic *wala, from PIE *welh₁-.","noun: A hole sunk into the ground as a source of water, oil, natural gas or other fluids.","From Middle English welle, from Old English wielle, from Proto-West Germanic *wallijā, from Proto-Germanic *wallijǭ, from PIE *welH-.","verb: To issue forth, as water from the earth;","From Middle English wellen, from a merger of Old English weallan (intransitive) and Old English wiellan (transitive), both meaning “to boil.” Further from Proto-Germanic *wallaną and Proto-Germanic *wallijaną.",,
even,5.99,False,4,3,adjective: Flat and level.,"From Middle English even, from Old English efn, from Proto-West Germanic *ebn, from Proto-Germanic *ebnaz, from PIE *h₁émnos.",adverb: ().,,verb: To make flat and level.,,,
work,5.96,False,2,2,noun: Employment.,"From Middle English work, Middle English werk, from Old English weorc, from Proto-West Germanic *werk, from Proto-Germanic *werką, from PIE *wérǵom, from PIE *werǵ-.",verb: To do a specific task by employing physical or mental powers.,"From Middle English werken and Middle English worchen, from Old English wyrċan and Old English wircan (Mercian), from Proto-Germanic *wurkijaną “to work”, from PIE *wr̥ǵyéti “to be working, to be at work”, from the root PIE *werǵ-.",,,,
say,5.89,False,4,3,noun: A type of fine cloth similar to serge.,"From Middle French saie, from Latin saga, plural of Latin sagum “military cloak”.",verb: To try;,Aphetic form of assay.,noun: A strainer for milk.,,,
last,5.86,False,4,3,"adjective: Final, ultimate, coming after all others of its kind.","From Middle English laste, Middle English latst, syncopated variant of Middle English latest, both ultimately from Old English latost..","verb: To endure, continue over time.","From Middle English lasten, from Old English lǣstan, from Proto-West Germanic *laistijan, from Proto-Germanic *laistijaną.",noun: A load of some commodity with reference to its weight and commercial value.,"From Middle English last, from Old English hlæst “burden, load, freight”, from Proto-Germanic *hlastuz “burden, load, freight”, from PIE *kleh₂- “to put, lay out”.",,
use,5.81,False,2,2,noun: The act of using.,"Middle English use, from Old French us, from Latin ūsus, from past participle stem of Latin ūtor.",verb: To utilize or employ.,"Middle English usen, from Old French user, from Medieval Latin uso, frequentative form of past participle stem of Latin uti.",,,,
part,5.78,False,3,2,noun: A portion;,"From Middle English part, from Old English part “part” and Old French part “part”;","verb: To leave the company of (each other, or someone/something).",,,,,
school,5.71,True,2,2,noun: An institution dedicated to teaching and learning;,"From Middle English scole, from Old English scōl, from Proto-West Germanic *skōlu, from Late Latin schola, Latin scola, from Ancient Greek σχολή, from PIE *seǵʰ-..","noun: A group of fish or a group of marine mammals such as porpoises, dolphins, or whales.","From Middle English scole, Middle English schole “group of persons, multitude, host, school of fish”, from Middle Dutch scole “multitude, troop of people, swarm of animals”, from Old Dutch *scola, Old Dutch *skola “troop, multitude”, from…",,,,
house,5.71,False,3,2,noun: A structure built or serving as an abode of human beings.,"From Middle English hous, Middle English hus, from Old English hūs, from Proto-West Germanic *hūs, from Proto-Germanic *hūsą, possibly from PIE *(s)kews-, from PIE *(s)kewH-.",noun: House music.,"Probably from The Warehouse, a nightclub in Chicago, Illinois, USA, where the music became popular around 1985.",,,,
big,5.67,False,3,2,"adjective: Of great size, large.","enm-nor big, Middle English bigge “powerful, strong”, possibly from a dialect of Old Norse -.",verb: To inhabit;,"From Middle English biggen, Middle English byggen, from Old Norse byggja, Old Norse byggva “to build, dwell in, inhabit”, a secondary form of búa, related to buan būan.",,,,
might,5.66,False,2,2,"noun: , strength, force or influence held by a person or group.","From Middle English maught, Middle English might, Middle English miȝt, Middle English myght, from Old English maht, Old English meaht, Old English meht, Old English mieht, Old English miht, Old English mæht, from Proto-West Germanic *mahti…",verb: Used to indicate conditional or possible actions;,"From Old English meahte and Old English mihte, inflections of Old English magan, whence English may.",,,,
free,5.63,True,4,2,adjective: Unconstrained.,"From Middle English fre, from Old English frēo, Old English frēoh, Old English frī, Old English friġ, Old English frīoh, from Proto-West Germanic *frī, from Proto-Germanic *frijaz, from PIE *priHós, from PIE *preyH-.",noun: A free transfer.,,,,,
real,5.6,False,3,2,"adjective: True, genuine, not merely nominal or apparent.","From Middle English real, from Old French reel, from Late Latin reālis “actual”, from Latin rēs “matter, thing”, from PIE *reh₁ís “wealth, goods”..",noun: Former unit of currency of Spain and Spain's colonies.,"Borrowed from Spanish real “royal”, from Latin rēgālis “regal, royal”..",,,,
let,5.6,False,2,2,"verb: To allow to, not to prevent.","Middle English leten, Middle English læten, from Old English lǣtan “to allow, let go, bequeath, leave, rent”, from Proto-West Germanic *lātan, from Proto-Germanic *lētaną “to leave behind, allow”, from PIE *leh₁d- “to be tired, leave”.","noun: The hindrance caused by the net during serve, only if the ball falls legally.","Middle English letten “to hinder, delay”, from Old English lettan “to hinder, delay”;",,,,
set,5.59,False,5,3,"verb: To put (something) down, to rest.","From Middle English setten, from Old English settan, from Proto-West Germanic *sattjan, from Proto-Germanic *satjaną, from PIE *sodéyeti, causative of PIE *sed- “to sit”.",adjective: Fixed in position.,"From Middle English sett, from Old English ġesett, past participle of Old English settan.",verb: To divide a class group in a subject according to ability.,,,
case,5.55,True,2,2,"noun: An actual event, situation, or fact.","From Middle English cas, from Old French cas, from Latin cāsus, perfect passive participle of Latin cadō.",noun: A box that contains or can contain a number of identical items of manufacture or commerce.,"From Middle English case, from Old Northern French casse (compare chasse), from Latin capsa, from Latin capiō..",,,,
full,5.54,False,4,2,adjective: Containing the maximum possible amount that can fit in the space available.,"From Middle English ful, from Old English full, from Proto-West Germanic *full, from Proto-Germanic *fullaz, from PIE *pl̥h₁nós.","verb: To make cloth denser and firmer by soaking, beating and pressing;","From Middle English fullen, from Anglo-Norman fuller, Anglo-Norman fuler, Middle French foller, Middle French fouler, from Old French foler, Old French fouler, from Medieval Latin fullo, from Latin fullō.",,,,
mean,5.53,False,3,3,verb: To intend.,From Middle English menen “to intend;,adjective: Low in quality or degree;,"From Middle English mene, Middle English imene, from Old English mǣne, Old English ġemǣne “common, public, general, universal”, from Proto-West Germanic *gamainī, from Proto-Germanic *gamainiz “common”, from PIE *mey- “to change, exchange,…",adjective: Having the mean as its value;,"From Middle English meene, borrowed from Old French meien (moyen), mediānus, from Latin medius “middle”.",,
tell,5.53,False,2,2,"verb: Mental senses related to determining, reckoning, or perceiving","From Middle English tellen, from Old English tellan, from Proto-West Germanic *talljan, from Proto-Germanic *taljaną, Proto-Germanic *talzijaną, from Proto-Germanic *talą, Proto-Germanic *talō, from PIE *dol-.","noun: A hill or mound, originally and especially in the Middle East, over or consisting of the ruins of ancient settlements.","From Arabic تَلّ “hill, elevation” or Hebrew תֵּל “hill”, from sem-pro *tall- “hill”.",,,,
stop,5.52,False,3,2,verb: To cease moving.,"From Middle English stoppen, Middle English stoppien, from Old English stoppian, from Proto-West Germanic *stoppōn, from Proto-Germanic *stuppōną, Proto-Germanic *stuppijaną, from PIE *(s)tewp-, PIE *(s)tewb-, from PIE *(s)tew-.",noun: The squark that is the superpartner of a top quark.,,,,,
line,5.49,True,4,2,noun: A path through two or more points (compare ‘segment’);,"From Middle English line, Middle English lyne, from Old English līne “line, cable, rope, hawser, series, row, rule, direction”, from Proto-West Germanic *līnā, from Proto-Germanic *līnǭ “line, rope, flaxen cord, thread”, from Proto-Germani…",noun: A group of people born in a certain year (liners).,"ko 라인, itself from English line.",,,,
car,5.45,False,2,2,"noun: A wheeled vehicle that moves independently, with at least three wheels, powered mechanically, steered by a driver and mostly for personal transportation but re…","Middle English carre, borrowed from Anglo-Norman carre, from Old Northern French - (compare char), from Latin carrus “two-wheeled baggage wagon”, from cel-gau *karros, from Proto-Celtic *karros “wagon”, from PIE *ḱr̥sós “vehicle”..",noun: The first part of a cons in Lisp.,. Note that it was based on original hardware and has no meaning today.,,,,
course,5.44,False,2,2,noun: A sequence of events.,"From Middle English cours, from Old French cours, from Latin cursus “course of a race”, from Latin currō “run”, ultimately from PIE *ḱers- “to run”..",adverb: .,,,,,
guy,5.4,True,2,2,noun: An effigy of a man burned on a bonfire on the anniversary of the Gunpowder Plot (5th November).,"Coined by semantic widening from the name of, an English Catholic executed for his role in the Gunpowder Plot, which also came to refer to effigies of his image burned annually on Guy Fawkes Night.",noun: A support rope or cable used to aid in hoisting or lowering.,"From Old French guie, linked to verb Old French guier, from Frankish *wītan, ultimately from Proto-Germanic *wītaną.",,,,
pay,5.4,True,2,2,verb: To give money or other compensation to in exchange for goods or services.,"From Middle English payen, from Old French paiier “pay”, from Medieval Latin pācāre “to settle, satisfy” from Latin pācō “to pacify”.","verb: To cover (the bottom of a vessel, a seam, a spar, etc.) with tar or pitch, or a waterproof composition of tallow, resin, etc.;","From Old French peier, from Latin pico “to cover with pitch”.",,,,
win,5.39,False,4,3,"verb: To reach some destination or object, despite difficulty or toil (now usually intransitive, with preposition or locative adverb).","From Middle English winnen, from Old English winnan (compare ġewinnan), from Proto-West Germanic *winnan, from Proto-Germanic *winnaną, from PIE *wenh₁-.",noun: Pleasure;,"From Middle English wynne, Middle English winne, Middle English wunne, from Old English wynn “joy, rapture, pleasure, delight, gladness”, from Proto-West Germanic *wunnju, from Proto-Germanic *wunjō “joy, delight, pleasure, lust”, from PIE…",verb: To dry by exposure to the wind.,From wind.,,
leave,5.34,False,5,2,verb: To have a consequence or remnant.,"From Middle English leven, from Old English lǣfan, from Proto-West Germanic *laibijan, from Proto-Germanic *laibijaną, causative of Proto-Germanic *lībaną, from PIE *leyp-.",noun: Permission to be absent;,"From Middle English leve, from Old English lēaf “permission, privilege”, from Proto-Germanic *laubō, Proto-Germanic *laubą “permission, privilege, favour, worth”, from PIE *lewbʰ- “to love, hold dear”.",,,,
light,5.33,False,5,3,noun: Electromagnetic radiation in the wavelength range visible to the human eye (about 400–750 nanometers): visible light.,"From Middle English light, Middle English liht, Middle English leoht, from Old English lēoht, from Proto-West Germanic *leuht, from Proto-Germanic *leuhtą, from PIE *lewktom, from the root PIE *lewk- “to shine”.",verb: To start (a fire).,"From Middle English lighten, Middle English lihten, from Old English līehtan, Old English līhtan, from Proto-Germanic *liuhtijan, from Proto-Germanic *liuhtijaną, ultimately from PIE *lewk-.",adjective: Having little or relatively little actual weight;,"From Middle English light, Middle English liȝt, Middle English lyghte, from Old English lēht, Old English lēoht, Old English līht, from Proto-West Germanic *lį̄ht, from Proto-Germanic *linhtaz or Proto-Germanic *līhtaz, from PIE *h₁lengʷʰ-.",,
low,5.33,False,6,2,"adjective: Situated close to, or even below, the ground or another normal reference plane;","From Middle English lah, Middle English loue, from Old Norse lágr, from Proto-Germanic *lēgaz, from Proto-Germanic *ligjaną, from PIE *légʰyeti, from PIE *legʰ-.",verb: To moo.,"From Middle English lowen “to low”, from Old English hlōwan “to low;",,,,
stay,5.33,False,4,2,"verb: To remain in a particular place, especially for a definite or short period of time;","From Middle English steyen, Middle English staien, from Old French estayer, Old French estaier “to fix, prop up, support, stay”, from Old French estaye, Old French estaie “a prop, stay”, from Middle Dutch staeye “a prop, stay”, a contracte…","noun: A strong rope or wire supporting a mast, and leading from one masthead down to some other, or other part of the vessel.","From Middle English stay, from Old English stæġ, from Proto-West Germanic *stag, from Proto-Germanic *stagą, from PIE *stek-, PIE *stāk-, from PIE *steh₂-.",,,,
deal,5.32,False,3,2,noun: An indefinite quantity or amount;,"From Middle English del, Middle English dele, from Old English dǣl, from Proto-West Germanic *daili, from Proto-Germanic *dailiz, from PIE.",noun: Wood that is easy to saw (from conifers such as pine or fir).,"From Middle English dele, from Middle Low German dele, from osx thili, ultimately from Proto-Germanic *þiljǭ;",,,,
reason,5.32,False,2,2,noun: A cause:,"From Middle English resoun, Middle English reson, from Anglo-Norman raisun (Old French raison), from Latin ratiō, from Latin ratus, past participle of Latin reor “reckon”, ultimately from PIE *h₂reh₁- “to think”, reanalysed root of PIE *h₂…",noun: A wall plate.,"From Middle English reason, Middle English reson, Middle English resen, Middle English rasen, from Old English ræsn, probably from Proto-West Germanic *raʀn, from Proto-Germanic *razną, from PIE *h₁erh₁-.",,,,
check,5.31,True,4,2,noun: An inspection or examination.,"From Middle English chek,chekke, borrowed from Old French eschec,eschek,eschac, from Medieval Latin scaccus, borrowed from Arabic شَاه “king or check at chess, shah”, borrowed from fa-cls شَاه “king”, from pal 𐭬𐭫𐭪𐭠, from peo 𐏋 “king”, from…",noun: A pattern made up of a grid of squares of alternating colors;,"By shortening from chequer, from Old French eschequier “chessboard”, from Medieval Latin scaccarium, ultimately from the same Persian root as above.",,,,
act,5.3,False,2,2,"noun: Something done, a deed.","From Middle English acte, from Old French acte, from Latin ācta “register of events”, plural of Latin āctum “decree, law”, from Latin ago “to do, to act”, ultimately from PIE *h₂éǵeti.",adverb: .,Clipping of actually.,,,,
media,5.3,True,3,2,noun: The middle layer of the wall of a blood vessel or lymph vessel which is composed of connective and muscular tissue.,"Latin media, the feminine nominative of Latin medius, from itc-pro *meðjos, from PIE *médʰyos “between”.",adjective: .,"Shortening from multimedia, from multi- + media “forms of communication”.",,,,
art,5.29,False,2,2,"noun: The conscious production or arrangement of sounds, colours, forms, movements, or other elements in a manner that affects the senses and emotions, usually speci…","From Middle English art, from Old French art, from Latin artem, accusative of Latin ars “art”.",verb: : [you] are,"From Middle English art, from Old English eart, second-person singular present indicative of Old English wesan.",,,,
son,5.28,False,3,2,noun: One's male offspring.,"From Middle English sonn, Middle English sone, Middle English sun, Middle English sune, from Old English sunu “son”, from Proto-West Germanic *sunu, from Proto-Germanic *sunuz, from PIE *suHnús, from PIE *sewH-.","noun: Son cubano, a genre of music and dance blending Spanish and African elements that originated in Cuba during the late 19th century.",From Spanish son.,,,,
cost,5.24,False,5,5,verb: To incur a charge of;,,"noun: Amount of money (or time, etc.) that is required or used.",,"verb: To calculate or estimate cost (such as expenses, or a price).",,noun: Quality;,"From Middle English cost, from Old English cost “option, choice, possibility, manner, way, condition”, from Old Norse kostr “choice, opportunity, chance, condition, state, quality”, from Proto-Germanic *kustuz “choice, trial” (or Proto-Ger…"
mother,5.24,False,4,2,"noun: A female parent, especially of a human;","From Middle English moder, from Old English mōdor, from Proto-West Germanic *mōder, from Proto-Germanic *mōdēr, from PIE *méh₂tēr..",noun: Motherfucker.,Clipping of motherfucker.,,,,
rest,5.23,False,5,2,noun: Relief from work or activity by sleeping;,"From Middle English rest, Middle English reste, from Old English ræst, from Proto-West Germanic *rastu, from Proto-Germanic *rastō, of uncertain origin;",noun: That which remains.,"From Middle English reste, from Old French reste, from Old French rester, from Latin restō, from Latin re- + Latin stō.",,,,
summer,5.23,False,3,2,"noun: One of four seasons, traditionally the second, marked by the longest and typically hottest days of the year due to the inclination of the Earth and thermal lag.","From Middle English somer, Middle English sumer, from Old English sumor, from Proto-West Germanic *sumar, from Proto-Germanic *sumaraz, derived from PIE *semh₂-.",noun: A horizontal beam supporting a building.,"From Middle English somer, from Anglo-Norman summer, Old French sumer, from Vulgar Latin saumarius, for Late Latin sagmārius, from Latin sagma “sum”.",,,,
date,5.22,True,2,2,"noun: The fruit of the date palm,, somewhat in the shape of an olive, containing a soft, sweet pulp and enclosing a hard kernel.","From Middle English date, from Old French date, Old French datil, Old French datille, from Latin dactylus (likely via oc-pro-old datil), from Ancient Greek δάκτυλος (from the resemblance of the date to a human finger), probably a folk-etym…","noun: The addition to a writing, inscription, coin, etc., which specifies the time (especially the day, month, and year) when the writing or inscription was given, e…","From Middle English date, from Old French date, from Late Latin data, from Latin datus, past participle of Latin dare;",,,,
miss,5.22,False,2,2,"verb: To fail to hit, catch, grasp, etc.","Verb from Middle English missen, from Old English missan, from Proto-West Germanic *missijan, from Proto-Germanic *missijaną, from PIE *meyth₂-.",noun: An unmarried woman;,From mistress.,,,,
lead,5.2,False,3,2,"noun: A heavy, pliable, inelastic metal element, having a bright, bluish color, but easily tarnished;","From Middle English led, Middle English leed, from Old English lēad, from Proto-West Germanic *laud, possibly borrowed from Proto-Celtic *ɸloudom, from PIE *plewd-.",verb: To guide or conduct.,"From Middle English leden, from Old English lǣdan, from Proto-West Germanic *laidijan, from Proto-Germanic *laidijaną, causative of Proto-Germanic *līþaną, from PIE *leyt-.",,,,
hold,5.19,False,3,2,verb: To grasp or grip.,"Middle English holden, Old English healdan, Proto-West Germanic *haldan, Proto-Germanic *haldaną “to tend, herd”, maybe PIE *kel- “to drive”..",noun: The cargo area of a ship or aircraft (often holds or cargo hold).,Alteration (due to hold) of hole.,,,,
test,5.19,True,3,2,"noun: A challenge, trial.","From Middle English test, Middle English teste, from Old French test, Old French teste, from Latin testum, from Latin *terstus, past participle of the root Latin *tersa “dry land”.",noun: .,,,,,
policy,5.17,False,2,2,"noun: A principle of behaviour, conduct which an entity (government, organization, etc.) applies or seeks to follow, especially as formally expressed by an authorita…","From Middle English policie, from Old French policie, Old French pollicie and Old French police, from Late Latin - Latin politia “citizenship;",noun: A number pool lottery,"From Middle French police, from Italian polizza, from Medieval Latin - Latin apodissa “receipt for money”, from Ancient Greek ἀπόδειξις “proof, declaration”..",,,,
bank,5.16,True,4,2,noun: An institution where one can place and borrow money and take care of financial affairs.,"Middle English banke, from Middle French banque, from Italian banca “counter, moneychanger's bench or table”, from lng bank “bench, counter”, from Proto-West Germanic *banki, from Proto-Germanic *bankiz “bench, counter”, from PIE *bʰeg- “t…","noun: A bench, as for rowers in a galley;",Probably from French banc.,,,,
sound,5.15,False,4,2,adjective: Healthy.,"From Middle English sound, Middle English sund, Middle English isund, Middle English ȝesund, from Old English sund, from Proto-West Germanic *sund, from Proto-Germanic *sundaz, merged with synonymous Old English ġesund, from Proto-West Ger…",noun: A sensation perceived by the ear caused by the vibration of air or some other medium.,"* Noun: from Middle English sownde, alteration of Middle English soun, borrowed from Anglo-Norman sun, Anglo-Norman soun, Old French son, from accusative of Latin sonus, ultimately from PIE *swenh₂- “to sound, resound”.",,,,
fall,5.13,False,2,2,verb: To be moved downwards.,"Verb from Middle English fallen, from Old English feallan, from Proto-West Germanic *fallan, from Proto-Germanic *fallaną, from PIE *h₃elh₁-.","interjection: The cry given when a whale is sighted, or harpooned.",Perhaps from the north-eastern Scottish pronunciation of whale.,,,,
match,5.13,False,3,2,"noun: Any contest or trial of strength or skill, or to determine superiority.","From Middle English macche, Middle English mecche, from Old English mæċċa, Old English ġemæċċa, from Proto-West Germanic *makkjō, Proto-West Germanic *gamakkjō, from Proto-Germanic *makô, from PIE *mag-.","noun: A small wooden stick specially treated with chemicals to produce flame upon contact with another chemical, from the frictional heat produced by striking it aga…","From Middle English macche, Middle English mecche, from Old French mesche, Old French meische, from Vulgar Latin micca (compare metxa, mecha, miccia), which in turn is probably from Latin myxa, from Ancient Greek μύξα.",,,,
page,5.12,False,2,2,noun: One of the many pieces of paper bound together within a book or similar document.,"Middle French page, from Latin pagina, from PIE *peh₂ǵ-..","noun: A youth employed for doing errands, waiting on the door, and similar service in households.","From Old French page, possibly via Italian paggio, from Medieval Latin pagius “servant”, probably from Ancient Greek παιδίον “boy, lad”, from Ancient Greek παῖς “child”;",,,,
language,5.1,False,2,2,"noun: A body of words, and set of methods of combining them (called a grammar), understood by a community and used as a form of communication.","From Middle English langage, Middle English language, from Old French language, from Vulgar Latin *linguāticum, from Latin lingua “tongue, speech, language”, from itc-ola dingua “tongue”, from PIE *dn̥ǵʰwéh₂s “tongue, speech, language”...","noun: A languet, a flat plate in or below the flue pipe of an organ.",Alteration of languet.,,,,
race,5.08,False,5,3,"noun: A contest between people, animals, vehicles, etc.","From Middle English race, partially from Old English rǣs, from Proto-West Germanic *rās;","noun: A group of sentient beings, particularly people, distinguished by common ancestry, heritage or characteristics (see Wikipedia's article on Historical race conc…","1560s, via Middle French race from Italian razza (early 14th century), of Uncertain origin.","noun: A rhizome or root, especially of ginger.",Mid 16th century.,,
die,5.07,False,4,3,verb: To stop living;,"From Middle English deyen, probably from Old Norse deyja, from Proto-Germanic *dawjaną “to die”.",noun: The cubical part of a pedestal;,"From Middle English dee, from Old French de (Modern dé), from Latin datum, from Latin datus “given”, the past participle of Latin do “to give”, from PIE *deh₃- “to lay out, to spread out”..",adverb: per day,"Borrowed from Latin die “[in a] day”, locative of Latin dies “day”.",,
offer,5.05,False,3,2,noun: A proposal that has been made.,"From Middle English offer, from Old English offrian “offer or make a sacrifice” rather than from Old French offre “offer”, from Old French offrir “to offer”, from Latin offerō “to present, bring before”.",noun: agent noun of off,,,,,
base,5.05,False,4,3,noun: Something from which other things extend;,"From Middle English base, Middle English bas, Middle English baas, from Old French base, from Latin basis, from Ancient Greek βάσις..",adjective: Low in place or position.,"From Middle English base, Middle English bas, from Old French bas, from Late Latin bassus.",noun: .,Variant forms.,,
pass,5.05,False,3,3,verb: To change place.,"From Middle English passen, from Old French passer “to step, walk, pass”, from Vulgar Latin *passo, derived from Latin passus “a step”, from itc-pro *pattus, from PIE *peth₂- “to spread, stretch out”.","noun: An opening, road, or track, available for passing;","From Middle English pas, Middle English pase, Middle English pace, from Middle English passen “to pass”.",noun: A password (especially one for a restricted-access website).,Clipping of password.,,
ball,5.04,False,2,2,"noun: A solid or hollow sphere, or roughly spherical mass.","From Middle English bal, Middle English ball, Middle English balle, from an unattested Old English *beall, Old English *bealla “round object, ball”, from Proto-Germanic *balluz, Proto-Germanic *ballô “ball”, from PIE *bʰélō “ball, bubble”,…",noun: A formal dance.,"From Middle French bal, from Middle French baler, from Old French baller, from Late Latin ballō..",,,,
card,5.04,False,5,2,noun: A playing card.,"From Middle English carde “playing card”, from Old French carte, from Latin charta, from Ancient Greek χάρτης “paper, papyrus”..",noun: A hand-held tool formed similarly to a hairbrush but with bristles of wire or other rigid material.,"From Middle English carde, Old French carde, from Old Occitan carda, deverbal from Old Occitan cardar, from Late Latin *carito, from Latin carō “to comb with a card”, from PIE *(s)ker- “to cut”.",,,,
wall,5.04,False,5,2,"noun: A rampart of earth, stones etc.","From Middle English wal, from Old English weall, from Proto-West Germanic *wall, from Latin vallum, from PIE *welH-.",noun: A kind of knot often used at the end of a rope;,,,,,
rock,5.03,False,5,3,"noun: A formation of minerals, specifically:","Middle English rocke, Middle English rokke, from Old English *rocc, as in stānrocc, and also later from Anglo-Norman roche, (compare Modern roc, French roche, French rocher), from Medieval Latin rocca (attested 767), of Uncertain origin, s…","noun: A style of music characterized by basic drum-beat, generally 4/4 riffs, based on (usually electric) guitar, bass guitar, drums, keyboards (often), and vocals.",Shortened from rock and roll.,noun: Distaff.,"From Middle English rok, Middle English rocke, Middle English rokke, perhaps from Middle Dutch rocke (whence rokken), Middle Low German rocken, or Old Norse rokkr (whence - / rokkur, rok, spinnrock).",,
sort,5.0,False,2,2,noun: A general type.,"From Middle English sort, Middle English soort, Middle English sorte (cognate soort, Sorte, sort, sort), borrowed from Old French sorte “class, kind”, from Latin sortem, accusative form of Latin sors “lot, fate, share, rank, category”.",verb: To separate items into different categories according to certain criteria that determine their sorts.,"From Middle English sorten, from Old French sortir, from Latin sortīre, from Latin sors.",,,,
fair,4.99,False,2,2,adjective: Unblemished (figuratively or literally);,"From Middle English fayr, from Old English fæġer, from Proto-West Germanic *fagr, from Proto-Germanic *fagraz, from PIE *peh₂ḱ-.",noun: A community gathering to celebrate and exhibit local achievements.,"From Middle English feyre, from Old French foire, from Latin fēriae.",,,,
judge,4.95,True,2,2,"noun: A public official whose duty it is to administer the law, especially by presiding over trials and rendering judgments;","From Middle English juge, Middle English jugge, from Old French juge, from Latin iūdex.",verb: To sit in judgment on;,"From Middle English jugen, borrowed from Anglo-Norman juger, from Old French jugier, from Latin iūdicō..",,,,
battle,4.94,False,2,2,"noun: A contest, a struggle.","From Middle English batel, Middle English batell, Middle English batelle, Middle English batayle, Middle English bataylle, borrowed from Old French bataille, from Late Latin battālia, variant of Latin battuālia “fighting and fencing exerci…",adjective: Of grass or pasture: nutritious to cattle or sheep;,"From Early Modern English batell, probably from Middle English *batel “flourishing”, from Old English *batol “improving, tending to be good”, from Old English batian “to get better, improve” + Old English -ol (le).",,,,
fan,4.92,False,3,2,"noun: A hand-held device consisting of concertinaed material, or slats of material, gathered together at one end, that may be opened out into the shape of a sector o…","Middle English fan, Old English fann “a winnowing, fan”, Latin vannus “fan for winnowing grain”, PIE *h₂weh₁- “to blow”.","noun: A person who is fond of something or someone, especially an admirer of a performer or aficionado of a sport.","Clipping of fanatic, originally in US baseball slang.",,,,
wear,4.92,False,3,2,verb: To have on:,"Middle English weren, Middle English werien, from Old English werian “to clothe, cover over;",noun: .,,,,,
drink,4.9,False,2,2,verb: To consume (a liquid) through the mouth.,"Middle English drynken, Middle English drinken, from Old English drincan, from Proto-West Germanic *drinkan, from Proto-Germanic *drinkaną, of uncertain origin;",noun: A beverage.,"From Middle English drink, Middle English drinke (also as Middle English drinche, Middle English drunch), from Old English drynċ, from Proto-Germanic *drunkiz, Proto-Germanic *drankiz.",,,,
glad,4.9,True,2,2,adjective: ; happy;,"From Middle English glad, Middle English gled, from Old English glæd “shining;",noun: A gladiolus (plant).,.,,,,
comment,4.88,False,2,2,noun: A spoken or written remark.,"From Middle English coment, Middle English comment, from Old French coment, from Late Latin commentum, from Classical Latin commentum.",verb: To remark.,"From Middle English commenten, Middle English comenten, from Latin commentor.",,,,
purpose,4.88,False,2,2,"noun: The end for which something is done, is made or exists.","From Middle English purpos, from Old French purposer “to propose” (with conjugation altered based on Old French poser), from Latin prō- “forth” + Latin pono “place, put”, hence Latin propono..",verb: To have or set as one's purpose or aim;,"From Middle English purposen, from Old French purposer “to propose”.",,,,
cell,4.87,False,2,2,noun: A single-room dwelling for a hermit.,"From Middle English celle, Middle English selle, from Old English cell (attested in inflected forms), from Latin cella “chamber, small room, compartment”, later reinforced by Old French cel, Old French sele, Old French cele.",noun: A cellular phone.,", itself a Clipping of cellular phone, from cellular + phone.",,,,
fat,4.85,False,4,2,adjective: more fat than usual on one's body;,"From Middle English fat, from Old English fǣtt, from Proto-West Germanic *faitid, originally the past participle of the verb Proto-West Germanic *faitijan, from Proto-West Germanic *fait.",noun: A fop or dandy.,From French fat “conceited person”.,,,,
fell,4.85,False,7,3,"verb: To make something fall, especially a tree.","From Middle English fellen, from Old English fellan, Old English fiellan, from Proto-West Germanic *fallijan, from Proto-Germanic *fallijaną, causative of Proto-Germanic *fallaną, from PIE *h₃elh₁-.",noun: High and barren landscape feature such as a mountain range or mountain terrain above the tree line.,"From Middle English fell, Middle English felle, from Old Norse fell (Old Norse fjall, gmq-osw fiæl, “mountain range or mountain terrain above the tree line”), from Proto-Germanic *felzą, Proto-Germanic *fel(e)zaz, Proto-Germanic *falisaz (…","noun: The finer portions of ore, which go through the meshes when the ore is sorted by sifting.",,,
lie,4.84,False,3,3,verb: To rest in a horizontal position on a surface.,"From Middle English lien, Middle English liggen, from Old English liċġan, from Proto-West Germanic *liggjan, from Proto-Germanic *ligjaną, from PIE *legʰ-.",verb: To give false information intentionally with intent to deceive.,"From Middle English lien, from Old English lēogan, from Proto-West Germanic *leugan, from Proto-Germanic *leuganą, from PIE *lewgʰ-.",noun: An intentionally false statement;,"From Middle English lie, from Old English lyġe, from Proto-Germanic *lugiz, from PIE *lewgʰ-.",,
count,4.83,False,2,2,verb: To recite numbers in sequence.,"From Middle English counten, borrowed from Anglo-Norman conter, from Old French conter “add up;",noun: The male ruler of a county.,"From Middle English counte, from Anglo-Norman conte and Old French comte “count”, from Latin comes “companion” (more specifically derived from its accusative form Latin comitem) in the sense of ""noble fighting alongside the king""..",,,,
lake,4.83,False,4,2,"noun: A large, landlocked stretch of water or similar liquid.","Arose from a conflation of * Middle English lake, from Old English lacu, from Proto-West Germanic *laku, from Proto-Germanic *lakō, ultimately from PIE *leg-;","noun: In dyeing and painting, an often fugitive crimson or vermilion pigment derived from an organic colorant (cochineal or madder, for example) and an inorganic, ge…","From French laque “lacquer”, from Persian لاک, from Hindi, from Sanskrit लाक्षा..",,,,
smart,4.83,True,3,2,verb: To hurt or sting.,"From Middle English smerten, from Old English *smeortan “to smart”, from Proto-West Germanic *smertan, from Proto-Germanic *smertaną “to hurt, ache”, from PIE *(s)merd- “to bite, sting”.",adjective: Exhibiting social ability or cleverness.,"From Middle English smert, Middle English smart, from Old English smeart, from Proto-West Germanic *smart, from Proto-Germanic *smartaz, from PIE *(s)merd-.",,,,
click,4.82,False,5,4,"noun: A brief, sharp, not particularly loud, relatively high-pitched sound produced by the impact of something small and hard against something hard, such as by the…","Onomatopoeic of the ""click"" sound;","noun: A detent, pawl, or ratchet, such as that which catches the cogs of a ratchet wheel to prevent backward motion.","From Middle English clike, from Old French clique.",noun: A kind of throw.,"From Middle English cleken, a variant of Middle English clechen, perhaps from Old English *clēċan, Old English *clǣċan, a byform of Old English clyċċan.",noun: .,
gain,4.81,False,4,2,verb: To acquire possession of.,"From Middle English gayn, Middle English gain, Middle English gein “profit, advantage”, from Old Norse gagn “benefit, advantage, use”, from Proto-Germanic *gagną, Proto-Germanic *gaganą “gain, profit"", literally ""return”, from Proto-German…","noun: A square or bevelled notch cut out of a girder, binding joist, or other timber which supports a floor beam, so as to receive the end of the floor beam.",Compare gan.,,,,
ring,4.81,False,4,3,noun: A solid object in the shape of a circle.,"From Middle English ryng, from Old English hring “ring, circle”, from Proto-West Germanic *hring, from Proto-Germanic *hringaz “ring”, from PIE *(s)krengʰ-, extended nasalized form of PIE *(s)ker- “to turn, bend”., as well as indirectly.","noun: An algebraic structure which consists of a set with two binary operations: an additive operation and a multiplicative operation, such that the set is an abelia…","From a German Zahlring “ring of numbers”,.",noun: A family of sets that is closed under finite unions and set-theoretic differences.{{cite-book,,,
bet,4.79,False,3,2,"noun: A wager, an agreement between two parties that a stake (usually money) will be paid by the loser to the winner (the winner being the one who correctly forecast…","From 16th-century criminal slang, perhaps from Middle English bet, from Old English bet, Middle English bett;",preposition: between,Abbreviation.,,,,
firm,4.79,False,3,2,noun: A business partnership;,"From Italian firma “signature”, from Italian firmare “to sign”, from Latin firmāre “to make firm, to confirm (by signature)”, from Latin firmus “firm, stable”.","adjective: Steadfast, secure, solid (in position)","From Middle English ferme, from Old French ferme, from Latin firmus “strong, steady”..",,,,
till,4.79,False,5,3,preposition: Until;,"From Middle English til, from Northern Old English til, from or akin to Old Norse til;",noun: A cash register.,"From Middle English tylle, possibly from Middle English tillen from Old English *tyllan (as in Old English betyllan and Old English fortyllan;",noun: A vetch;,From Middle English tylle;,,
cat,4.78,False,3,3,verb: To hoist (an anchor) by its ring so that it hangs at the cathead.,"From Middle English cat, Middle English catte, from Old English catt “male cat”, Old English catte “female cat”, from Proto-West Germanic *kattu, from Proto-Germanic *kattuz, generally thought to be from Late Latin cattus “domestic cat” (c.",noun: A program and command in Unix that reads one or more files and directs their content to the standard output.,"From concatenate, derived from the program's function of concatenating files.",adjective: Catastrophic;,Abbreviations.,,
wood,4.78,False,3,2,noun: The substance making up the central part of the trunk and branches of a tree.,"From Middle English wode, from Old English wudu, Old English widu “wood, forest, grove;",noun: A peckerwood.,.,,,,
rare,4.77,False,4,3,adjective: Very uncommon;,"From Middle English rare, from Old French rare, Old French rere, from Latin rārus, from PIE *h₁reh₁-.","adjective: Particularly of meat, especially beefsteak: cooked very lightly, so the meat is still red.","From a dialectal variant of rear, from Middle English rere, from Old English hrēr, Old English hrēre, from Old English hrēran, from Proto-Germanic *hrōzijaną, from PIE *ḱroHs-.","verb: To rear, rise up, start backwards.",Variant of rear.,,
host,4.77,False,3,2,"noun: One which receives or entertains a guest, socially, commercially, or officially.","From Middle English hoste, from Old French oste (French: French hôte), from Latin hospitem, accusative of Latin hospes “a host, also a sojourner, visitor, guest;",noun: A multitude of people arrayed as an army;,"From Middle English oost, borrowed from Old French ost, Old French hoste, from Latin hostis “foreign enemy”, from PIE *gʰóstis (as opposed to Latin inimicus “personal enemy”)..",,,,
boss,4.76,False,3,2,"noun: An enemy, often at the end of a level, that is particularly challenging and must be beaten in order to progress.","Borrowed from Dutch baas, from Middle Dutch baes, from Old Dutch *baso, from Proto-West Germanic *baswō, from Proto-Germanic *baswô, perhaps from Proto-Germanic *bō-, source also of the English terms babe, boy, bub, bully.","noun: A lump, protuberance or swelling in an animal, person or object.","From Middle English bos,bose,boce, from Old French boce, from Frankish *bottja, from Proto-Germanic *bautaną.;",,,,
wake,4.76,False,3,3,verb: (often followed by up) To stop sleeping.,"A merger of two verbs of related/similar form and meaning: * Middle English waken, Old English wacan, from Proto-West Germanic *wakan, from Proto-Germanic *wakaną.","noun: A period after a person's death before or after the body is buried, cremated, etc.;","From Middle English wake, from Old English wacu, from Proto-Germanic *wakō, related to the verb Proto-Germanic *wakjaną.",noun: The path left behind a ship on the surface of the water.,"Probably from Middle Low German - or Middle Dutch wake, from or akin to Old Norse vǫk ( > våge, vök), from Proto-Germanic *wakwō, from PIE *wegʷ-.",,
file,4.75,False,4,4,noun: A collection of papers collated and archived together.,"From Old French fil “thread”, from Latin fīlum “thread”..","noun: A column of people one behind another, whether ""single file"" or in a grid pattern.","From French file, from French filer “to spin out, arrange one behind another”, from Latin fīlāre, from Latin filum “thread”.","noun: A tool consisting of a strip or rod of hardened and coarse metal, used for removing sharp edges, shaping, and cutting, especially through metal;","From Middle English file, Middle English fyle, from Old English fēl, Old English fēol “file”, from earlier Old English fīil, from Proto-Germanic *finhlō, Proto-Germanic *finhilō “file, rasp”, from PIE *peyḱ- “to adorn, form”.",verb: To corrupt.,"From Middle English filen, from Old English fȳlan, from Proto-West Germanic *fūlijan."
fly,4.75,False,7,5,noun: Any insect of the order;,"From Middle English fflye, Middle English flehe, Middle English flei, Middle English fleie, Middle English fley, Middle English fleye, Middle English fleȝe, Middle English flie, Middle English fliȝe, Middle English flye, Middle English vli…",noun: An act of flying.,"From Middle English flye, from Old English flyġe, from Proto-Germanic *flugiz.",verb: To hit a fly ball;,,noun: A wing.,"Related to Flügel, vleugel, flygel."
mad,4.74,False,2,2,adjective: ; crazy;,"From Middle English mad, Middle English madde, Middle English madd, Middle English medd, from Old English ġemǣd, Old English ġemǣded “enraged”, past participle of Old English ġemǣdan, Old English *mǣdan “to make insane or foolish”, from Pr…","verb: To madden, to anger, to frustrate.",Compare ġemǣdan.,,,,
bay,4.73,False,5,4,noun: A body of water (especially the sea) contained by a concave shoreline.,"From French baie, from Late Latin baia, probably ultimately from xib - or eu badia.","noun: A tree or shrub of species (family), having dark green leaves and berries.","From Middle English baye, Middle English baie, from Old English beġ “berry”, as in Old English beġbēam “berry-tree”, conflated with Old French baie, from Latin bāca “berry”.",noun: The excited howling of dogs when hunting or being attacked.,"From the root Old French *bai, combined with aphetized form of abay;",adjective: Of a reddish-brown colour with a black mane and tail.,"From Middle English bay, Middle English bai, from Old French bai, from Latin badius."
port,4.73,False,6,4,"noun: A place on the coast at which ships can shelter, or dock to load and unload cargo or passengers.","From Old English port, borrowed from Latin portus “port, harbour”, ultimately from PIE *pértus “crossing” (and thus a distant doublet of).","noun: A type of very sweet fortified wine, mostly dark red, traditionally made in Portugal.","Named from Portuguese Porto, a city in Portugal where the wines were originally shipped from.",noun: A suitcase or schoolbag.,Clipping of portmanteau.,noun: The portfolio of a model or artist or investor.,Clipping of portfolio.
mail,4.72,False,3,3,noun: A bag or wallet.,"From Middle English male, from Anglo-Norman male, Old French male “bag, wallet”, from Frankish *malhu, from Proto-Germanic *malhō “bag, pouch”, from PIE *molko- “leather pouch”.",noun: Armour consisting of metal rings linked together.,"From Middle English mayle “mail armor”, borrowed from Old French maille “loop, stitch”, from Vulgar Latin, from Latin macula “blemish, mesh”, probably from PIE, from PIE *smeh₁- “smear, rub”.",noun: A monetary payment or tribute.,"From Middle English mal, Middle English male from Old English māl “speech, contract, agreement” from Old Norse mál “agreement, speech, lawsuit”.",,
plane,4.72,False,4,3,adjective: Of a surface: flat or level.,"From Latin plānum, a noun use of the neuter of Latin plānus.",noun: An airplane;,,noun: A deciduous tree of the genus.,"From Middle English plane, borrowed from Old French plane, from Latin platanus, from Ancient Greek πλάτανος, from Ancient Greek πλατύς.",,
mix,4.71,False,2,2,verb: To stir together.,"From Middle English mixen (attested in past tense as Middle English mixed, Middle English myxyd), from Old English *mixian, Old English miscian, from Proto-West Germanic *miskijan, from Proto-West Germanic *miskijan, from PIE, from PIE *me…",noun: The result of mixing two or more substances;,"A merger of a nominal use of the verb and a borrowing from Anglo-Norman mixte, from Latin mixtus, past participle of Latin misceō “mix”.",,,,
vice,4.71,False,3,3,noun: Bad or immoral behaviour.,"From Middle English vice, from Old French vice, from Latin vitium “fault or blemish”.","noun: A tool for drawing lead into cames, or flat grooved rods, for casements.",See vise.,adjective: in place of;,"From Latin vice “in place of”, ablative form of Latin vicis.",,
path,4.71,False,2,2,"noun: A trail for the use of, or worn by, pedestrians.","From Middle English path, Middle English peth, from Old English pæþ “path, track”, from Proto-West Germanic *paþ, from Proto-Germanic *paþaz “path”.",noun: Pathology.,Shortening.,,,,
dick,4.7,False,4,2,noun: The penis.,"Ultimately from Dick, pet form of the name Richard.","numeral: Ten, in Cumbrian sheep counting.","xcb *deg, from cel-bry-pro *deg.",,,,
limit,4.7,False,2,2,noun: A restriction;,"From Middle English limit, from Old French limit, from oblique stem of Latin līmes “a cross-path or balk between fields, hence a boundary, boundary line or wall, any path or road, border, limit”.",verb: To restrict;,"From Middle English limiten, from Old French limiter, from Latin līmitō “to bound, limit, fix, determine”, from Latin līmes;",,,,
ben,4.69,False,8,4,"preposition: In, into.","From Middle English ben, Middle English bene, variation of Middle English bin, Middle English binne “within”, from Old English binnan “within, in, inside of, into”, equivalent to be + in.","noun: A tree, or horseradish tree of Arabia and India, which produces oil of ben.","From Middle English been, from Old French - and Medieval Latin -, probably from a North African pronunciation of Arabic بَان “ben tree”.",noun: Son of (used with Hebrew and Arabic surnames).,From Arabic بِن and Hebrew בן “son”.,noun: A Scottish or Irish mountain or high peak.,"Borrowed from Scots ben, benn, from gd beinn."
ray,4.69,False,5,3,noun: A beam of light or radiation.,"Via Middle English -, borrowed from Old French rai, from Latin radius “staff, stake, spoke”..","noun: Any of the superorder of marine fish with flat bodies, large wing-like fins, and whip-like tails.","From Middle English raye, Middle English rayȝe, from Old French raie, from Latin raia, of uncertain origin.","noun: The letter ⟨/⟩, one of two which represent the r sound in Pitman shorthand.","From its sound, by analogy with the letters chay, jay, gay, kay, which it resembles graphically.",,
pool,4.67,False,2,2,"noun: A small and rather deep area of (usually) fresh water, as one supplied by a spring, or occurring in the course of a stream or river;","From Middle English pool, Middle English pole, Middle English pol, from Old English pōl, from Proto-West Germanic pōl, from Proto-Germanic *pōlaz, from PIE *bōlos.",noun: A supply of resources.,1.,,,,
milk,4.66,False,2,2,noun: A white liquid produced by the mammary glands of female mammals to nourish their young.,"From Middle English milk, Middle English mylk, Middle English melk, Middle English mulc, from Old English meolc, Old English meoluc “milk”, from Proto-West Germanic *meluk “milk”, from Proto-Germanic *meluks “milk”, from PIE *h₂melǵ- “milk…","verb: To express milk from (a mammal, especially a cow).","From Middle English milken, from Old English melcan, from Proto-Germanic *melkaną, ultimately from PIE *h₂melǵ-, the same root as the noun.",,,,
journey,4.65,True,2,2,"noun: A set amount of travelling, seen as a single unit;","From Middle English journe, from Old French jornee, from Vulgar Latin *diurnāta, from Late Latin diurnum, from Latin diurnus, from Latin diēs “day”.",noun: The total time spent melting and working one piece.,"Reborrowing from French journée, originally an French journée, from Old French jornee, from Vulgar Latin *diurnāta.",,,,
fill,4.64,False,3,2,verb: To make full,"From Middle English fillen, Middle English fullen, from Old English fyllan, from Proto-West Germanic *fullijan, from Proto-Germanic *fullijaną, from Proto-Germanic *fullaz, from PIE *pl̥h₁nós.",noun: One of the thills or shafts of a carriage.,See thill.,,,,
lay,4.64,False,8,5,noun: Arrangement or relationship;,"Middle English leyen, Middle English leggen, from Old English leċġan, from Proto-West Germanic *laggjan, from Proto-Germanic *lagjaną “to lay”, causative form of Proto-Germanic *ligjaną, from PIE *legʰ-.",noun: A lake.,"Middle English laie, which may have multiple origins: * Potentially from Old English, an unattested variant stem of Old English lagu “sea, flood, water, ocean”, if transferred to a-stem inflection (compare dæġ dæġ-, dag- > day day, daw-);","adjective: Not belonging to the clergy, but associated with them.","Middle English lay, from Old French lai, from Latin lāicus, from Ancient Greek λαϊκός..",noun: A ballad or sung poem;,"Middle English lay, from Old French lai “song, lyric, poem”, from Frankish *laih, from Proto-Germanic *laikaz, Proto-Germanic *laikiz “jump, play, dance, hymn”, from PIE *leyg- “to jump, spring, play”."
sam,4.64,False,4,2,adjective: Half-heated.,"From Middle English sam-, from Old English sam-, from Proto-Germanic *sēmi- “half”, from PIE *sēmi- “half”.",noun: Federal narcotics agent.,Possibly from Uncle Sam.,,,,
truck,4.64,False,4,2,"noun: A small wheel or roller, specifically the wheel of a gun carriage.","Perhaps a shortening of truckle, related to Latin trochus from Ancient Greek τροχός.",verb: To fail;,"From Middle English truken, Middle English troken, Middle English trukien, from Old English trucian, from Proto-West Germanic *trokōn, from PIE *derew-, PIE *derwu-, from PIE *der-.",,,,
fail,4.61,False,2,2,verb: To be unsuccessful.,"Middle English failen, borrowed from Old French falir, from Vulgar Latin *fallire, alteration of Latin fallō, from PIE or PIE *(s)gʷʰh₂el-.",noun: A piece of turf cut from grassland.,Unknown.,,,,
id,4.61,False,4,2,noun: The unconscious impulsive component of the personality in the Freudian psychoanalytic model.,"From New Latin id “it”, chosen by Freud’s translator as a translation of his use of German Es as a noun for this concept from the pronoun German es “it”.",noun: Identifier.,.,,,,
row,4.6,False,3,3,"noun: A line of objects, often regularly spaced, such as seats in a theatre, vegetable plants in a garden, etc.","From Middle English rewe, Middle English rowe, Middle English rawe, from Old English rǣw, Old English rāw, probably from Proto-Germanic *raiwō, Proto-Germanic *raigwō, Proto-Germanic *rīgǭ “row, streak, line”, from PIE *Hreyk- “to carve, s…",verb: To propel (a boat or other craft) over water using oars.,"From Middle English rowen “to row”, from Old English rōwan “to row”, from Proto-Germanic *rōaną “to row”, from PIE *h₁reh₁- “to row”.",noun: A noisy argument.,Unclear;,,
blow,4.59,False,4,3,verb: To produce an air current.,"From Middle English blowen, from Old English blāwan “to blow, breathe, inflate, sound”, from Proto-West Germanic *blāan, from Proto-Germanic *blēaną “to blow” (compare blähen), from PIE *bʰleh₁- “to swell, blow up” (compare flō and բեղուն).",noun: An instance of the act of striking or hitting.,"From Middle English blowe, Middle English blaw, northern variant of Middle English blewe, from Proto-Germanic *blewwaną (compare blegði, einbläuen, blouwen).",verb: To blossom;,"From Middle English blowen, from Old English blōwan, from Proto-Germanic *blōaną (compare bloeien, blühen), from PIE *bʰleh₃- (compare floreo florēre).",,
bond,4.59,False,3,3,"noun: A document constituting evidence of a long-term debt, by which the bond issuer (the borrower) is obliged to pay interest when due, and repay the principal at m…","From Middle English bond, a variant of Middle English band, from Old English beand, Old English bænd, Old English bend “bond, chain, fetter, band, ribbon, ornament, chaplet, crown”, from Proto-Germanic *bandaz, Proto-Germanic *bandiz “band…","verb: To connect, secure or tie with a bond;",,noun: A peasant;,"From Middle English bonde “peasant, servant, bondman”, from Old English bōnda, Old English būnda “householder, freeman, plebeian, husband”, perhaps from Old Norse bóndi “husbandman, householder”, or a contraction of Old English būend “dwel…",,
prize,4.59,False,4,3,noun: That which is taken from another;,"From Middle English prise, from Old French prise “a taking, capture, a seizure, a thing seized, a prize, booty, also hold, purchase”, past participle of Old French prendre “to take, to capture”, from Latin prēndō “to take, seize”;",verb: To consider highly valuable;,"From Middle English prysen, borrowed from Old French priser, from Old French pris “price”, from Latin pretium “price, value”, whence price;",adjective: Having won a prize;,,,
bell,4.59,False,2,2,"noun: A percussive instrument made of metal or other hard material, typically but not always in the shape of an inverted cup with a flared rim, which resonates when…","Cognate with belle, fy bel “bell”, bel, Belle, nds Bel “bell”, bjælde, bjølla, bjalla, bjelle, bjällra.",verb: To bellow or roar.,"From Middle English bellen, from Old English bellan “to bellow;",,,,
gender,4.59,False,3,2,"noun: Sex (a category, either male or female, into which sexually-reproducing organisms are divided on the basis of their reproductive roles in their species).","From Middle English gendre, borrowed from Old French gendre, borrowed from Latin genus..","noun: An Indonesian musical instrument resembling a xylophone, used in gamelan music.",,,,,
kiss,4.58,False,2,2,"verb: To touch with the lips or press the lips against, usually to show love or affection or passion, or as part of a greeting.","From Middle English kissen, Middle English kussen, from Old English cyssan, from Proto-West Germanic *kussijan, from Proto-Germanic *kussijaną.","noun: A touch with the lips, usually to express love or affection, or as a greeting.","From Middle English kis, Middle English kys, Middle English kus, forms of Middle English cos influenced by Middle English kissen, from Old English coss, from Proto-West Germanic *koss, from Proto-Germanic *kussaz.",,,,
rent,4.58,False,2,2,noun: A payment made by a tenant at intervals in order to lease a property.,"From Middle English rent, Middle English rente, from Old French rente, from la-eme rendita, from Late Latin rendo, from Latin reddo.",noun: A tear or rip in some surface.,See rend.,,,,
tend,4.57,False,3,2,verb: To make a tender of;,"From Middle English tenden, from Middle French tendre, from Old French tendre “to stretch, stretch out, hold forth, offer, tender”, from Latin tendere “to stretch, stretch out, extend, spread out”.",verb: To look after (e.g.,"From Middle English tenden, by apheresis of Middle English attenden “to attend” or Middle English entenden “to intend”.",,,,
yard,4.57,False,3,3,"noun: A small, usually uncultivated area adjoining or (now especially) within the precincts of a house or other building.","From Middle English yerd, Middle English yard, Middle English ȝerd, Middle English ȝeard, from Old English ġeard, from Proto-West Germanic *gard, from Proto-Germanic *gardaz, from PIE *gʰórdʰos, from PIE *gʰerdʰ-.","noun: A unit of length equal to 3 feet in the US customary and British imperial systems of measurement, equal to precisely 0.9144&nbsp;m since 1959 (US) or 1963 (UK).","From Middle English yerde, Middle English yerd, Middle English ȝerde, from Old English ġierd “branch;","noun: 109, A short scale billion;",,,
counter,4.56,False,2,2,noun: One who counts.,"Middle English countour, from Old French conteor (French French comptoir), from Medieval Latin computātōrium, from Latin computō, equivalent to..","adverb: Contrary, in opposition;","From Old French contre, Anglo-Norman - Old French cuntre, both from Latin contra.",,,,
plate,4.55,False,4,2,noun: A slightly curved but almost flat dish from which food is served or eaten.,"From Middle English plate, from Old French plate, from Medieval Latin plata, from Vulgar Latin *plattus, from Ancient Greek πλατύς “broad, flat, wide”.",noun: A roundel of silver or argent.,From Spanish plata.,,,,
dumb,4.54,False,3,2,adjective: Stupid.,"From Middle English dumb, from Old English dumb, from Proto-West Germanic *dumb, from Proto-Germanic *dumbaz “dull, dumb”, from PIE *dʰewbʰ- “to whisk, smoke, darken, obscure”.","adverb: Very, extremely.",A of damn.,,,,
grab,4.52,False,2,2,verb: To grip suddenly;,"From Middle Dutch grabben or Middle Low German grabben, from osx gravan, from Proto-West Germanic *grabbōn, a secondary form of Proto-Germanic *grabōną, from PIE *gʰrebʰ-.",noun: A two- or three-masted vessel used on the Malabar coast.,"From Arabic غُرَاب and Hindi - ghurb?: crow, raven, a kind of Arab ship.",,,,
lock,4.51,False,3,2,"noun: Something used for fastening, which can only be opened with a key or combination.","From Middle English lok, from Old English loc, from Proto-West Germanic *lok, from Proto-Germanic *luką from PIE *lewg- “to bend;",noun: A single dreadlock.,,,,,
bread,4.5,False,3,2,noun: Any variety of bread.,"From Middle English bred, Middle English breed, from Old English brēad, from Proto-West Germanic *braud, from Proto-Germanic *braudą, from PIE *bʰrewh₁-, from PIE *bʰer-.",verb: To form in meshes;,"Variant of braid, from Middle English breden, from Old English brēdan, Old English breġdan “to braid”.",,,,
gang,4.5,False,5,2,verb: To go;,"From Middle English gangen, from Old English gangan “to go, walk, turn out”, from Proto-West Germanic *gangan, from Proto-Germanic *ganganą “to go, walk”, from PIE *ǵʰengʰ- “to step, walk”.",verb: .,Shortening of gangbang.,,,,
jury,4.49,False,2,2,noun: A group of individuals chosen from the general population to hear and decide a case in a court of law.,"From Middle English jure, from Anglo-Norman juree, from Medieval Latin iūrāta, from Latin iūrō.",adjective: For temporary use;,"Early 1600s, of Uncertain origin.",,,,
meal,4.48,False,3,3,noun: Correct quotes,"From Middle English mel, from Old English mǣl, from Proto-West Germanic *māl, from Proto-Germanic *mēlą, from PIE *meh₁-.","noun: The ground-up edible part of various grains, used as a basis of food or feed;","From Middle English mele, from Old English melu “meal, flour”, from Proto-West Germanic *melu, from Proto-Germanic *melwą “meal, flour”, from PIE *melh₂- “to grind, mill”.",noun: A part;,"Variation of mole (compare mail), from Middle English mole, Middle English mool, from Old English māl, Old English mǣl, from Proto-Germanic *mailą, from PIE *mey-.",,
rape,4.48,False,5,2,"noun: ,.","From Middle English rape, from Latin rāpa, from Latin rāpum “turnip”.",noun: The stalks and husks of grapes from which the must has been expressed in winemaking.,"From Middle English rape, from Middle English rape “grape stalk, rasper”, from Old French raper, Old French rasper “to rasp, scratch”, from Old Frankish *raspon “to scratch”, related to raspōn, ġehrespan.",,,,
rush,4.48,False,2,2,noun: A sudden forward motion.,"Perhaps from Middle English ruschen, Middle English russchen, from Old English hrysċan, from Proto-West Germanic *hurskijan, from Proto-Germanic *hurskijaną, from Proto-Germanic *hurskaz, from PIE *ḱers-.","noun: Any of several stiff plants of the genus, or the family, having hollow or pithy stems and small flowers, and often growing in marshes or near water.","From Middle English risshe, Middle English rusch, Middle English risch, from Old English rysċ, Old English rysċe, Old English risċ, Old English risċe, from a merger of Proto-West Germanic *riskijā, from PIE *(H)resg- and Proto-West Germani…",,,,
stable,4.48,False,2,2,"noun: A building, wing or dependency set apart and adapted for lodging and feeding (and training) ungulates, especially horses.","From Middle English stable, borrowed from Anglo-Norman estable, from Latin stabulum.","adjective: Relatively unchanging, steady, permanent;","From Middle English stable, from Anglo-Norman stable, Old French stabel, from Latin stabilis “firm, steadfast” (itself from Latin stare “stand” + Latin -abilis “able”).",,,,
gate,4.47,False,2,2,noun: A doorlike structure outside a house.,"From Middle English gate (the forms Middle English ȝate and Middle English ȝeat yielded the dialectal doublet yate), from the plural of Old English ġeat (specifically Old English gatu), from Proto-West Germanic *gat, from Proto-Germanic *g…","noun: A way, path.","Borrowed from Old Norse gata, from Proto-Germanic *gatwǭ.",,,,
bound,4.46,False,5,3,adjective: Obliged (to).,"From Middle English bound, Middle English bund and Middle English bounden, Middle English bunden, Middle English ibunden, Middle English ȝebunden, from Old English and Old English bunden, Old English ġebunden respectively.","noun: A boundary, the border which one must cross in order to enter or leave a territory.","From Middle English bounde, from Old French bunne, from Medieval Latin bodina, earlier Latin butina “a bound, limit”.","noun: A sizeable jump, great leap.","From Middle English *bounden (attested as Middle English bounten), from French bondir;",,
adventure,4.46,False,2,2,noun: A feeling of desire for new and exciting things.,"From Middle English aventure, Middle English aunter, Middle English anter, from Old French aventure, from Vulgar Latin *adventūra, from Latin adventūrus “about to arrive, about to happen”, future active participle of Latin adveniō “to arri…",verb: To risk oneself;,"From Middle English aventuren, Middle English auntren, from Old French aventurer, from Old French aventure.",,,,
hip,4.46,False,4,2,noun: The outward-projecting parts of the pelvis and top of the femur and the overlying tissue.,"From Middle English hipe, Middle English hupe, from Old English hype, from Proto-Germanic *hupiz (compare heup, Huop, Hüfte), from PIE *ḱewb- (compare cysgu, cubāre, κύβος, sup, शुप्ति), from PIE *ḱew- “to bend”.",noun: The fruit of a rose.,"From Middle English hepe, Middle English heppe, Middle English hipe, from Old English hēope, from Proto-Germanic *heupǭ (compare joop, Hiefe, hjúpa), from PIE *ḱewb- “briar, thorn” (compare kaāubri, kaubre kaubrė̃).",,,,
temple,4.45,False,3,2,"noun: A house of worship, especially:","From Middle English temple, from Old English templ, Old English tempel, borrowed from Latin templum “shrine, temple, area for auspices”.","noun: The slightly flatter region, on either side of the head of a vertebrate, including a human, behind the eye and forehead, above the zygomatic arch, and forward…","From Middle English temple, from Old French temple, from Vulgar Latin, from Latin tempora, plural of Latin tempus.",,,,
mood,4.44,False,2,2,"noun: A mental or emotional state, composure.","From Middle English mood, Middle English mode, Middle English mod, from Old English mōd (“mind,” in poetry also “heart, spirit, courage”), from Proto-West Germanic *mōd, from Proto-Germanic *mōdaz, from PIE *moh₁-, PIE *meh₁-.","noun: A verb form that depends on how its containing clause relates to the speaker’s or writer’s wish, intent, or assertion about reality.","Alteration of mode, from Latin modus, with specialized uses in grammar, music and logic.",,,,
chase,4.44,False,3,3,noun: The act of one who chases another;,"From Middle English chacen, from Anglo-Norman chacer, Old French chacier, from Vulgar Latin *captiāre, from Latin captō, frequentative of Latin capiō.",noun: A rectangular steel or iron frame into which pages or columns of type are locked for printing or plate-making.,"Perhaps from French châsse “case”, “reliquary”, from Old French chasse, from Latin capsa..",noun: A groove cut in an object;,"Possibly from obsolete French French chas “groove”, “enclosure”, from Old French -, from Latin Latin capsa.",,
rank,4.44,False,2,2,"adjective: Having a very strong, bad taste or odor.","From Middle English rank, from Old English ranc, from Proto-West Germanic *rank, from Proto-Germanic *rankaz, from PIE *h₃reǵ-.","noun: A row of people or things organized in a grid pattern, often soldiers.","From Middle English rank, from Old French ranc, Old French rang, Old French reng (Modern rang), from Frankish *hring, from Proto-Germanic *hringaz.",,,,
rear,4.43,False,4,3,"verb: To bring up to maturity, as offspring;","From Middle English reren, from Old English rǣran “to raise, set upright, promote, exalt, begin, create, give rise to, excite, rouse, arouse, stir up”, from Proto-West Germanic *raiʀijan, from Proto-Germanic *raizijaną, Proto-Germanic *rai…","adjective: Being behind, or in the hindmost part;","From Middle English rere, from Anglo-Norman rere, ultimately from Latin retro.",verb: To move;,"From Middle English reren, from Old English hrēran “to move, shake, agitate”, from Proto-Germanic *hrōzijaną “to stir”, from PIE *ḱroHs- “to mix, stir, cook”.",,
min,4.42,False,6,3,noun: .,,noun: .,,noun: minoxidil,Clipping of minoxidil.,,
soil,4.42,False,4,3,"noun: A mixture of mineral particles and organic material, used to support plant growth.","From Middle English soile, Middle English soyle, Middle English sule, partly from Anglo-Norman soyl, from Latin solium, mistaken for Latin solum;",noun: A wet or marshy place in which a boar or other such game seeks refuge when hunted.,"From Middle English soyl, from Old French soil, Old French souil, from Frankish *sōlja, Proto-West Germanic *saulja, from Proto-Germanic *saulijō, from PIE *sūl-.","verb: To feed, as cattle or horses, in the barn or an enclosure, with fresh grass or green food cut for them, instead of sending them out to pasture;","From Old French saoler, Old French saouler “to satiate”.",,
rail,4.41,False,5,3,noun: A horizontal bar extending between supports and used for support or as a barrier;,"From Middle English rail, Middle English rayl, Middle English *reȝel, Middle English *reȝol (found in Middle English reȝolsticke “a ruler”), partly from Old English regol “a ruler, straight bar” and partly from Old French reille;",noun: Any of several birds in the family.,"From French râle, French rale, from Middle French raalle, from Old French rasle.","verb: To complain violently (against, about).",From Middle French railler.,,
repair,4.41,False,3,3,"verb: To restore to good working order, fix, or improve damaged condition;","Coined between 1300 and 1350 from Middle English repairen, from Middle French reparer, from Latin reparō “renew, repair”.",noun: The act of repairing or resorting to a place.,"From Middle English repairen “to return”, from Old French repairier, from Late Latin repatriare “to return to one's country”, from Latin re- + Latin patria “homeland”.",verb: To pair again.,,,
root,4.41,False,3,2,"noun: The part of a plant, generally underground, that anchors and supports the plant body, absorbs and stores water and nutrients, and in some plants is able to per…","From Middle English rote, Middle English root, Middle English roote, from late Old English rōt, from Old Norse rót “root”, from Proto-Germanic *wrōts “root”, from PIE *wréh₂ds;.",verb: To cheer (on);,"Possibly an alteration of rout, influenced by hoot.",,,,
butter,4.4,False,2,2,"noun: A soft, fatty foodstuff made by churning the cream of milk (generally cow's milk).","From Middle English buter, Middle English butter, from Old English butere, from Proto-West Germanic *buterā, from Latin būtȳrum, from Ancient Greek βούτῡρον “cow cheese”, compound of Ancient Greek βοῦς “ox, cow” and Ancient Greek τῡρός “ch…",noun: Someone or something that butts.,,,,,
desert,4.4,False,4,2,"noun: A barren area of land or desolate terrain, especially one with little water or vegetation;","From Middle English desert, from Old French desert, from Latin dēsertum, past participle of Latin desero “to abandon”.",noun: That which is deserved or merited;,"From Middle English desert, Middle English deseert, from Old French deserte, from Old French deservir “to deserve”, from Vulgar Latin dēserviō “to gain or merit by giving service”.",,,,
mill,4.38,False,5,5,"noun: A grinding apparatus for substances such as grains, seeds, etc.","From Middle English mylne, Middle English mille, from Old English mylen, from Proto-West Germanic *mulīnu, from Late Latin molīna, Latin molīnum, Latin molīnus, from Latin molō, closely allied to *muljaną (see millstone).",noun: One thousandth part.,Ultimately from Latin mīllēsimum.,noun: .,Clipping of million.,noun: A line of three matching pieces in nine men's morris and related games.,
pace,4.38,False,3,3,noun: A step.,"From Middle English pase, from Anglo-Norman pas, Old French pas, and their source, Latin passus.;",preposition: With all due respect to.,"From Latin pāce, ablative form of Latin pāx.",noun: .,Alteration of archaic Pasch.,,
pen,4.38,True,7,5,"noun: An enclosure (enclosed area) used to contain domesticated animals, especially sheep or cattle.","From Middle English pen, Middle English penne, from Old English penn, from Proto-Germanic *pennō, Proto-Germanic *pannijō, from PIE *bend-.","noun: A tool, originally made from a feather but now usually a small tubular instrument, containing ink used to write or make marks.","From Middle English penne, from Anglo-Norman penne, from Old French penne, from Latin penna, from PIE *péth₂r̥, from PIE *peth₂-, Proto-Indo-European root of PIE *petra-, whence πτερόν, and also of पत्रम्, перо, fjǫðr, feþer,feðer (Modern…",noun: A female swan.,Origin Uncertain.,noun: Penalty.,Clipping of penalty.
spell,4.37,False,4,2,noun: Words or a formula supposed to have magical powers.,"From Middle English spell, Middle English spel, from Old English spell, from Proto-Germanic *spellą, from PIE *(s)pel- or from PIE *bʰel- with the s-mobile prefix.","noun: A splinter, usually of wood;","From Middle English spele, from Old Norse.",,,,
poll,4.35,False,3,2,"noun: A survey of people, usually statistically analyzed to gauge wider public opinion.","From Middle English pol, Middle English polle (""scalp, pate""), from or cognate with Middle Dutch pol, Middle Dutch pole, Middle Dutch polle “top, summit;",noun: A pet parrot.,"Perhaps a shortening of Polly, a common name for pet parrots.",,,,
tear,4.35,False,2,2,"verb: To rend (a solid material) by holding or restraining in two places and pulling apart, whether intentionally or not;","From Middle English teren, from Old English teran “to tear, lacerate”, from Proto-Germanic *teraną “to tear, tear apart, rip”, from PIE *der- “to tear, tear apart”.","noun: A drop of clear, salty liquid produced from the eyes by crying or irritation.","From Middle English tear, Middle English teer, Middle English teere, Middle English ter, Middle English tere, Middle English tyar, Middle English tyear, Middle English tyer, Middle English tær, from Old English teagor, Old English tēar, Ol…",,,,
bull,4.34,False,4,3,noun: :,"From Middle English bole,bul,bule, from a conflation of Old English bula “bull, steer” and Old Norse boli, both from Proto-Germanic *bulô “bull”, from PIE *bʰl̥no-, from PIE *bʰel- “to blow, swell up”.","noun: A papal bull, an official document or edict from the Pope.","From Middle English bulle, from Old French bulle, from Latin bulla, from cel-gau -..",noun: A lie.,"From Middle English bull,bul,boule, probably from Old French boul,boule,bole, from Old French bouler,boler, from Middle Low German bôlen.",,
tail,4.34,False,2,2,noun: The caudal appendage of an animal that is attached to their posterior and near the anus or cloaca.,"From Middle English tail, Middle English taile, Middle English taille, Middle English tayil, Middle English tayl, Middle English tayle, Middle English tayll, Middle English teil, Middle English tæȝel, from Old English tæġel, Old English tæ…",adjective: Limited;,"From Anglo-Norman -, probably from a shortened form of entail.",,,,
twin,4.34,False,2,2,"noun: Either of two people (or, less commonly, animals) who shared the same uterus at the same time;","From Middle English twinne, Middle English twynne, from Old English ġetwin, Old English ġetwinn “twin, multiple” and Old English twinn “twin, two-fold, double, two by two”, from Proto-Germanic *twinaz, Proto-Germanic *twinjaz, Proto-German…",adjective: Double;,"From Middle English *twin, Middle English *twyn, from Old English twin, Middle English twinn, from Proto-Germanic *twīhnaz, from PIE *dwóh₁.",,,,
blast,4.32,False,4,3,noun: A violent gust of wind (in windy weather) or apparent wind (around a moving vehicle).,"Middle English blast, from Old English blǣst, from Proto-West Germanic *blāstu, from Proto-Germanic *blēstuz.","noun: An immature or undifferentiated cell (e.g., lymphoblast, myeloblast).",,verb: To run a nucleotide sequence (for nucleic acids) or an amino acid sequence (for proteins) through a BLAST (Basic Local Alignment Search Tool).,,,
grave,4.31,False,6,2,noun: An excavation in the earth as a place of burial.,"From Middle English grave, Middle English grafe, from Old English græf, Old English grafu, from Proto-West Germanic *grab, from Proto-Germanic *grabą, Proto-Germanic *grabō, from PIE *gʰrebʰ-.",adjective: Characterised by a dignified sense of seriousness.,"From Middle French grave, a learned borrowing from Latin gravis.",,,,
piano,4.31,False,2,2,"noun: A percussive keyboard musical instrument, usually ranging over seven octaves, with white and black colored keys, played by pressing these keys, causing hammers…","Clipping of pianoforte, from Italian pianoforte, from Italian piano “soft” + Italian forte “strong”.","adverb: Softly, as a dynamic in a piece of music.",,,,,
dare,4.31,False,3,2,verb: To have enough courage (to do something).,"From Middle English durren, from Old English durran, from Proto-West Germanic *durʀan, from Proto-Germanic *durzaną, from PIE *dʰedʰórse, reduplicated stative of the root PIE *dʰers-, an *-s- extension of PIE *dʰer-.","noun: A small fish, the dace",,,,,
bow,4.3,False,7,4,"noun: A weapon made of a curved piece of wood or other flexible material whose ends are connected by a string, used for shooting arrows.","From Middle English bowe, from Old English boga, Proto-West Germanic *bogō, from Proto-Germanic *bugô.",verb: To bend oneself as a gesture of respect or deference.,"From Middle English bowen, Middle English buwen, Middle English buȝen, from Old English būgan, from Proto-West Germanic *beugan, from Proto-Germanic *beuganą, from PIE *bʰewgʰ-.",noun: The front of a boat or ship.,"From Middle English bowe, Middle English bowgh, a borrowing from Middle Low German bôch and/or Middle Dutch boech, from Proto-Germanic *bōguz, from PIE *bʰeh₂ǵʰus “arm”..",verb: about to,"Clipping of of boutta, itself a contraction of about to."
cape,4.3,False,2,2,"noun: A piece or point of land, extending beyond the adjacent coast into a sea or lake;","From Middle English cape, Middle English gappe, Middle English cap, from Old French cap, from Latin caput.","noun: A sleeveless garment or part of a garment, hanging from the neck over the back, arms, and shoulders.","From French cape, from Old Occitan capa, from Late Latin cappa “cape”.",,,,
stem,4.3,False,5,3,noun: The stock of a family;,"From Middle English stem, Middle English stemme, Middle English stempne, Middle English stevin, from Old English stemn “stem”, from Proto-West Germanic *stamni, from Proto-Germanic *stamniz “stem, tree stalk”, ultimately from PIE *steh₂- “…","verb: To stop, hinder (for instance, a river or blood).","From Middle English stemmen, a borrowing from Old Norse stemma (whence stemme /Danish stæmme “to stem, dam up”), from Proto-Germanic *stammijaną.",noun: .,Blend of stud + femme.,,
sole,4.29,False,5,2,adjective: Only.,"From Middle English sole, Middle English soule, from Old French sol, Old French soul, from Latin sōlus.",noun: The bottom or plantar surface of the foot.,"From Middle English sole, Middle English soole, from Old English sole, Old English solu.",,,,
jet,4.29,False,3,3,"noun: A collimated stream, spurt or flow of liquid or gas from a pressurized container, an engine, etc.","French jet “spurt”, from Old French get, Old French giet, from Vulgar Latin *iectus, *jectus, from Latin iactus “a throwing, a throw”, from Latin iacere “to throw”.","noun: A hard, black form of coal, sometimes used in jewellery.","From Middle English get, Middle English geet, Middle English gete, from a northern form of Old French jayet, Old French jaiet, Old French gaiet, from Latin gagātēs, from Ancient Greek Γαγάτης, from Ancient Greek Γάγας “a town and river in…","noun: an operation that takes a differentiable function f and produces a polynomial, the Taylor polynomial (truncated Taylor series) of f, at each point of its domai…",,,
bass,4.28,False,3,3,"adjective: Of sound, a voice or an instrument, low in pitch or frequency.",A respelling of under the influence of basso.,noun: The perch;,"From Middle English bace,bas, alteration of Middle English bars, from Old English bærs “a fish, perch”, from Proto-West Germanic *bars, from Proto-Germanic *barsaz “perch”, from PIE *bʰórsos “prickle, thorn, scale”.","noun: The fibrous inner bark of the linden or lime tree, used for making mats.",A corruption of bast.,,
butt,4.28,False,7,5,noun: The larger or thicker end of something;,"From Middle English but, Middle English butte, from Old English byt, Old English bytt and Old English *butt (attested in diminutive buttuc > buttock), from Proto-West Germanic *butt, from Proto-Germanic *buttaz, from PIE *bʰudʰnós, later t…","verb: To strike bluntly, particularly with the head.","From Middle English butten, from Anglo-Norman buter, Old French boter, from Frankish *bautan, from Proto-Germanic *bautaną.","noun: Any of various flatfish such as sole, plaice or turbot.","From Middle English but, Middle English butte, Middle English botte, possibly derived from butt, meaning ""blunt-headed fish."" Compare bot and the second element of halibut.","noun: The shoulder of an animal, especially the portion above the picnic, as a cut of meat.","Originally apparently a less-desired cut, named either due to its often being packed in butt “casks” for storage and shipping, or from the use of butt to refer to ""the larger or thicker end of something, in distinction from the sharp or na…"
slip,4.28,False,3,2,verb: To lose one’s traction on a slippery surface;,"From Middle English slippen, probably from Middle Low German slippen, from osx *slippian, from Proto-West Germanic *slippjan, from Proto-Germanic *slipjaną, an iterative form of Proto-Germanic *slīpaną, from PIE *sleyb-.","noun: A thin, slippery mix of clay and water.","From Middle English slyp, Middle English slep, Middle English slyppe, from Old English slyp, Old English slyppe, Old English slipa, of uncertain origin.",,,,
spare,4.28,False,2,2,adjective: Extra.,"From Middle English spare, Middle English spar, from Old English spær “sparing, scant”, from Proto-Germanic *sparaz, from PIE *sph₁rós, from the root PIE *speh₁-.","verb: To show mercy, to have mercy on.","From Middle English sparen, Middle English sparien, from Old English sparian “to spare, show mercy to, refrain from injuring or destroying”, from Proto-Germanic *sparōną, Proto-Germanic *sparāną “to save, keep, spare”, from PIE *sper- “to…",,,,
pit,4.27,False,4,3,noun: A hole in the ground.,"From Middle English pit, Middle English pet, Middle English put, from Old English pytt, from Proto-West Germanic *puti, from Latin puteus, although there are phonetic difficulties.",noun: A seed inside a fruit;,"From Dutch pit, from Middle Dutch pitte, from Proto-Germanic *pittan (compare dialectal Pfitze), oblique of Proto-Germanic *piþō.",noun: A pit bull terrier.,Shortening.,,
weed,4.27,False,5,2,noun: Any plant unwanted at the place where and at the time when it is growing.,"From Middle English weed, Middle English weod, from Old English wēod “weed”, from Proto-West Germanic *weud.","noun: A sudden illness or relapse, often attended with fever, which befalls those who are about to give birth, are giving birth, or have recently given birth or misc…",From Scots weid.,,,,
ye,4.25,False,4,2,"interjection: yes, yeah.",Shortened from yes or yeah.,"noun: The Cyrillic letter Е, е, featured in various Slavic and Turkic languages.",From ru е.,,,,
shed,4.23,False,3,2,"verb: To part with, separate from, leave off;","From Middle English scheden, Middle English schede, from Old English scēadan, Old English scādan, from Proto-West Germanic *skaiþan, from Proto-Germanic *skaiþaną (compare skiede, - and scheiden), from PIE *skeyt-, from PIE *skey-.",noun: A slight or temporary structure built to shade or shelter something;,Dialectal variant of a specialized use of shade.,,,,
ho,4.22,False,4,2,interjection: halloo;,"From Middle English ho, Middle English hoo, from Old English hō, probably from Old Norse hó!.",noun: A whore;,"of in non-rhotic accents with the dough-door merger, such as some varieties of African American Vernacular English;",,,,
duck,4.21,False,5,4,"verb: To quickly lower (the head or body), often in order to prevent it from being struck by something.","From Middle English ducken, Middle English duken, Middle English douken, from Old English *dūcan, from Proto-West Germanic *dūkan, from Proto-Germanic *dūkaną.","noun: A tightly-woven cotton or linen fabric, often used as sailcloth.","From Dutch doek, from Middle Dutch doeck, Middle Dutch doec “linen cloth”, from Old Dutch *dōc, from Proto-West Germanic *dōk, from Proto-Germanic *dōkaz “cloth, rag”, from PIE *dwōg-, PIE *dwōk-.",noun: ; pet;,"Potteries dialect, Black Country dialect and dialects of the former territory of Mercia (central England).",verb: To surreptitiously leave a rubber duck on someone's parked Jeep as an act of kindness (see Jeep ducking).,and
cave,4.2,False,2,2,"noun: A large, naturally-occurring cavity formed underground or in the face of a cliff or a hillside.","From Middle English cave, borrowed from Old French cave, from Latin cava “cavity”, from Latin cavus “hollow”.",interjection: look out!;,"Latin cavē, second-person singular present active imperative of Latin caveō “to beware”.",,,,
boot,4.19,False,4,4,noun: A heavy shoe that covers part of the leg.,"From Middle English boote, Middle English bote “shoe”, from Old French bote “a high, thick shoe”.","noun: Profit, plunder.","From Middle English boote, Middle English bote, Middle English bot, from Old English bōt “help, relief, advantage”, from Proto-West Germanic *bōtu, from Proto-Germanic *bōtō “atonement, improvement”, from PIE *bʰed- “good”.",noun: The act or process of bootstrapping;,Clipping of bootstrap.,noun: A bootleg recording.,"From bootleg “to make or sell illegally”, by shortening."
lit,4.19,False,5,2,adjective: .,"Alteration of earlier light, from Middle English lighte, from Old English līhtte, first and third person singular preterite of Old English līhtan “to light”, by analogy with bit.",noun: .,Short for literature.,,,,
corn,4.19,False,4,4,noun: Any cereal plant (or its grain) that is the main crop or staple of a country or region.,"Middle English corn, from Old English corn, from Proto-West Germanic *korn, from Proto-Germanic *kurną, from PIE *ǵr̥h₂nóm, from PIE *ǵerh₂-.","noun: A type of callus, usually on the feet or hands.","Middle English corne, from Old French corn (modern cor), from Latin cornū..","noun: Something (e.g., acting, humour, music, or writing) which is deemed old-fashioned or intended to induce emotion.",From corny.,noun: pornography;,"Rhyming euphemism for porn, and with influence from the emoji substitute 🌽."
lap,4.18,False,4,4,noun: The loose part of a coat;,"From Middle English lappe, from Old English læppa, from Proto-West Germanic *lappō, from Proto-Germanic *lappô, of Uncertain origin, possibly PIE *leb-.",verb: To fold;,"From Middle English lappen from earlier Middle English wlappen, from Old English *wlappan, Old English *wlæppan, Old English *wlappian, from Proto-Germanic *wlapp-, Proto-Germanic *wrapp-, from PIE *werb-.",verb: To take (liquid) into the mouth with the tongue;,"From Middle English lappen, from Old English lapian, from Proto-West Germanic *lapōn, from Proto-Germanic *lapōną, Proto-Germanic *lapjaną, from Onomatopoeic PIE *leh₂b-;",noun: .,
bare,4.18,False,3,2,adjective: Minimal;,"From Middle English bare, Middle English bar, from Old English bær “bare, naked, open”, from Proto-West Germanic *baʀ, from Proto-Germanic *bazaz “bare, naked”, from PIE *bʰosós, from PIE *bʰos- “bare, barefoot”.",verb: To uncover;,"From Middle English baren, from Old English barian, from Proto-Germanic *bazōną.",,,,
grain,4.18,False,2,2,"noun: The harvested seeds of various grass food crops, especially wheat, maize, rye, barley, and rice.","From Middle English greyn, Middle English grayn, Middle English grein, from Old French grain, Old French grein, from Latin grānum, from PIE *ǵr̥h₂nóm..",noun: A branch of a tree;,"From Middle English grayn, from Old Norse grein, from Proto-Germanic *grainiz, of Unknown origin.",,,,
couch,4.17,False,3,2,verb: To lie down;,"From Middle English couchen, from Old French couchier, Old French colchier, from Latin collocō, from Latin com- + Latin locō..","noun: couch grass, a species of persistent grass,, usually considered a weed.","From a variant of quitch, from Middle English quich, Middle English quyke, from Old English cwice, from Proto-West Germanic *kwikwā, from Proto-Germanic *kwikwǭ, from Proto-Germanic *kwikwaz.",,,,
lease,4.17,False,6,4,noun: An interest in land granting exclusive use or occupation of real estate for a limited period;,"From Middle English *lesen, from Anglo-Norman *leser, Old French lesser, Old French laisier “to let, let go”, partly from Latin laxō “to loose” and partly from Old High German lāzan (lassen), cognate with lǣtan whence let.",verb: To gather.,"From Middle English lesen, from Old English lesan, from Proto-West Germanic *lesan, from Proto-Germanic *lesaną.",noun: An open pasture or common.,"From Middle English lese, from Old English lǣs, from Proto-West Germanic *lāsu.",noun: The place at which the warp-threads cross on a loom.,From leash.
ash,4.16,False,4,2,noun: The solid remains of a fire.,"Middle English asche, Middle English asshe, Middle English aske, from Old English acse, Old English asċe, Old English axe, Old English axse, Old English æsċe, from Proto-West Germanic *askā, from Proto-Germanic *askǭ, from PIE *h₂eHs-.",noun: .,.,,,,
strain,4.15,False,3,2,"noun: A particular variety of a microbe, virus, or other organism, usually a taxonomically infraspecific one.","From Middle English streen, Middle English strene, Middle English streon, Middle English istreon, from Old English strēon, Old English ġestrēon, from Proto-West Germanic *streun, from Proto-Germanic *streuną, from PIE *strew- (cognate with…",verb: To apply a force or forces to by stretching out.,"From Middle English straynen, Middle English streinen, Middle English streynen, from Old French estreindre (whence étreindre), from Latin stringō.",,,,
par,4.15,False,5,3,preposition: By;,"Borrowed from French par “through, by”, from Latin per “through”..",noun: Equal value;,Borrowed from Latin pār “equal”.,"verb: To associate, to chill, to hang.","Borrowed from Jamaican Creole, itself from partner.",,
pile,4.14,False,5,2,noun: A mass of things heaped together;,"From Middle English pyle, from Old French pile, from Latin pīla#pillar-pier-Latin “pillar, pier”.",noun: The head of an arrow or spear.,"From Middle English pile, from Old English pīl, from Proto-West Germanic *pīl, from Latin pīlum.",,,,
mere,4.13,False,5,2,"adjective: Just, only;","From Middle English mere, Middle English mer, from Anglo-Norman meer, from Old French mier, from Latin merus, from PIE *mer-.",noun: A Maori war-club.,Borrowed from mi mere “more”.,,,,
charm,4.12,True,2,2,"noun: An object, act or words believed to have magic power (usually carries a positive connotation).","From Middle English charme, from Old French charme “chant, magic spell”, from Latin carmen “song, incantation”.","noun: The mixed sound of many voices, especially of birds or children.","a variant of chirm, but reflects Middle English charme (or unattested Middle English), from Old English ċearm “cry, alarm”, from Proto-West Germanic *karm, masculine variant of Proto-West Germanic *karmi, from Proto-Germanic *karmiz “cry,…",,,,
ace,4.11,False,2,2,"noun: A playing card showing a single pip, typically the highest or lowest ranking card in a game.","Middle English as, from Old French as, from Latin [[as, probably borrowed from ett -..","adjective: Asexual, not experiencing sexual attraction.",Clipping of asexual.,,,,
grip,4.11,False,2,2,"verb: To take hold (of), particularly with the hand.","Verb from Middle English grippen, from Old English grippan, from a Proto-Germanic *gripjaną (compare gripfen);","noun: A channel cut through a grass verge, especially for the purpose of draining water away from the highway.","From Middle English grip, Middle English grippe, Middle English gryppe “a ditch, drain”, from Old English grēp “a furrow, burrow” and Old English grēpe “a furrow, ditch, drain”, from Proto-Germanic *grōpiz “a furrow, groove”.",,,,
witch,4.11,False,4,3,verb: To bewitch.,"From Middle English wicchen, from Old English wiċċian, from Proto-Germanic *wikkōną, from PIE *wik-néh₂-, derivation of PIE *weyk-.",noun: A cone of paper which is placed in a vessel of lard or other fat and used as a taper.,Compare wick.,noun: A bitch.,Chosen for its euphemistic rhyme.,,
canon,4.11,False,6,2,noun: A generally accepted principle;,"From Middle English canoun, from Old French canon and Old English canon, both from Latin canōn, from Ancient Greek κανών “measuring rod, standard”, akin to Ancient Greek κάννα “reed”, from sem - (compare קָנֶה and قَنَاة)..",adjective: .,,,,,
fig,4.1,False,4,3,"noun: The fruit of the fig tree, pear-shaped and containing many small seeds.","From Middle English fige, Middle English fygge (also Middle English fyke, from fīc, see fike), borrowed from Anglo-Norman figue, borrowed from Old French figue, from Old Occitan figa, from Vulgar Latin *fīca “fig”, from Latin fīcus “fig tr…",verb: To move suddenly or quickly;,Variation of fike.,noun: The piece of ginger root used in figging.,See figging.,,
bee,4.09,False,6,3,"noun: A flying insect, of the clade within the hymenopteran superfamily, known for its organised societies (though only a minority have them), for collecting pollen…","From Middle English be, Middle English bee, Middle English beo, Middle English bey, from Old English bēo, Old English bīo, from Proto-West Germanic *bijā, from Proto-Germanic *bijǭ, from PIE *bʰey-.","noun: A contest, especially for spelling;","Possibly from dialectal bene, been, bean “help given by neighbours”, from Middle English been, Middle English bene “neighbourly help, prayer, petition, request, extra service given by a tenant to his lord”, from Old English bēn “prayer, re…","noun: Any of the pieces of hard wood bolted to the sides of the bowsprit, to reeve the fore-topmast stays through.",Probably from Old English bēah “ring”.,,
pale,4.08,False,2,2,adjective: in color.,"From Middle English pale, from Old French pale, from Latin pallidus “pale, pallid”, from Latin palleō “to be pale;",noun: A wooden stake;,"From Middle English pale, Middle English pal, borrowed from Old French pal, from Latin pālus “stake, prop”.",,,,
approve,4.08,False,2,2,verb: To officially sanction;,"From Middle English aproven, Middle English appreoven, Middle English appreven, Middle English apreven, borrowed from Old French aprover, Old French approver, Old French approuvir, Old French appreuver “to approve”, from Latin approbō, fro…",verb: To make profit of;,"From Middle English approuen, Middle English approven, from Old French aprouer;",,,,
toll,4.08,False,5,3,"noun: A fee paid for some liberty or privilege, particularly for the privilege of passing over a bridge or on a highway, or for that of vending goods in a fair, mark…","From Middle English toll, Middle English tol, Middle English tolle, from Old English toll and Old English toln, from Proto-West Germanic *toll, Proto-West Germanic *tolnu, from Proto-Germanic *tullaz, Proto-Germanic *tullō, from PIE *del-…",verb: To tear in pieces.,"From Middle English tolen, Middle English tollen, variation of Middle English tullen, Middle English tillen “to draw, allure, entice”, from Old English *tyllan, Old English *tillan “to pull, draw, attract” (found in compounds Old English f…",verb: To suspend.,From Latin tollō “to lift up”.,,
nest,4.07,False,2,2,noun: A structure built by a bird as a place to incubate eggs and rear young.,"From Middle English nest, Middle English nist, Middle English nyst, from Old English nest, from Proto-West Germanic *nest, from Proto-Germanic *nestą, from PIE *nisdós, literally ""where [the bird] sits down"", a compound of PIE *h₁én “down”…",verb: To build or settle into a nest.,"From Middle English nesten, Middle English nisten, from Old English nistan, Old English nistian, from Proto-West Germanic *nistijan.",,,,
elder,4.06,False,3,3,"adjective: Closer to the dealer, i.e.","From Middle English eldre, from Old English eldra, Old English yldra, Old English ieldra, from Proto-Germanic *alþizô.","noun: A small tree,, having white flowers in a cluster, and edible purple berries.","From Middle English eldre, Middle English eller, Middle English ellern, from Old English ellærn, from Proto-Germanic *elernaz, Proto-Germanic *eldernaz (compare Low German nds Elhorn, nds Elloorn).","noun: A cow's udder, especially used as food.","Perhaps from Proto-Germanic *aliþro “udder”, from Proto-Germanic *alaną “to nourish”.",,
alter,4.05,False,3,2,verb: To change the form or structure of.,"From Old French alterer (altérer), from Medieval Latin alterō, from Latin alter “the other”, from Latin al- (seen in Latin alius “other”, Latin alienus “of another”, etc.;","noun: One of the personalities, identities or selves in a person with dissociative identity disorder or another form of multiplicity.",Probably from alter ego.,,,,
bolt,4.04,False,2,2,"noun: A (usually) metal fastener consisting of a cylindrical body that is threaded, with a larger head on one end.","From Middle English bolt, from Old English bolt, from Proto-West Germanic *bolt, from Proto-Germanic *bultaz, perhaps from PIE *bʰeld- “to knock, strike”.","verb: To sift, especially through a cloth.","From Middle English bulten, from Anglo-Norman - Old French buleter, Old French bulter (modern bluter), from a Germanic - source originally meaning ""bag, pouch"" cognate with biuteln, from Proto-Germanic *buzdô “beetle, grub, swelling”, from…",,,,
thee,4.04,False,4,2,verb: To address (a person) using the pronoun thee.,"From Middle English þe, from Old English þē, from Proto-Germanic *þiz “thee”, from PIE *te “second-person singular pronoun”.","noun: The letter ⟨(⟩, which stands for the th sound in Pitman shorthand.","From Pitman zee, which it is related to phonetically and graphically, and the sound it represents.",,,,
spite,4.04,False,2,2,"noun: Ill will or hatred toward another, accompanied with the desire to unjustifiably irritate, annoy, or thwart;","From Middle English spit, a shortening of Middle English despit (whence despite), from Old French despit, from Latin dēspectum, from Latin dēspiciō.",preposition: Notwithstanding;,,,,,
jo,4.03,False,2,2,"noun: Darling, sweetheart.","From Scots jo “joy”, from Middle English joye, from Old French joie, from Late Latin gaudia, neuter plural (mistaken as feminine singular) of Latin gaudium “joy”, from Latin gaudēre “to be glad, rejoice”..",noun: The staff used in the Japanese martial art of jodo or jojutsu.,,,,,
pill,4.03,False,3,3,"noun: A small, usually round or cylindrical object designed for easy swallowing, usually containing some sort of medication.","From Middle English pille (also Middle English pillem), a borrowing from Middle Low German pille or Middle Dutch pille (whence pil), probably from Latin pila, Latin pilula.",verb: To peel;,"From Middle English pillen, Middle English pilen, from Old English pilian, from Latin pilō, from Latin pilus..",noun: An inlet on the coast;,"From Middle English *pill, Middle English *pyll, from Old English pyll “a pool, pill”, from Proto-Germanic *pullijaz “small pool, ditch, creek”, diminutive of Proto-Germanic *pullaz “pool, stream”, from PIE *bl̥nos “bog, marsh”.",,
tire,4.02,False,4,3,verb: To become sleepy or weary.,"From Middle English tiren, Middle English tirien, Middle English teorien, from Old English tȳrian, Old English tēorian, of uncertain origin.","noun: A child's apron covering the upper part of the body, and tied with tape or cord;",Probably from Middle English tir.,"noun: A tier, row, or rank.",,,
buck,4.01,False,6,3,"noun: A male deer, antelope, sheep, goat, rabbit, hare, and sometimes the male of other animals such as the hamster, ferret, salmonid, shad, skunk and kangaroo.",". Currency-related senses hail from American English, a Clipping of buckskin as a unit of trade among Native Americans and Europeans in frontier days (attested from 1748).",noun: The beech tree.,See beech.,"noun: Lye or suds in which cloth is soaked in the operation of bleaching, or in which clothes are washed.","From Middle English bouken, ultimately related to the root of beech.",,
drone,4.0,False,3,3,"noun: A male hymenopteran (ant, bee, hornet, or wasp), whose sole primary function is to mate with the queen.","From Middle English drane, Middle English dron, Middle English drone, from Old English drān, Old English drǣn, from Proto-West Germanic *drānu, from Proto-Germanic *drenô, Proto-Germanic *drēnuz, from PIE *dʰreh₁n-.",verb: To produce a low-pitched hum or buzz.,"From Middle English drounen, from Proto-West Germanic *drunnjan, from Proto-Germanic *drunjaną, from PIE *dʰer-.",noun: The drug mephedrone.,,,
dock,3.99,False,4,2,"noun: Any of the genus of coarse weedy plants with small green flowers related to buckwheat, especially (), and used as potherbs and in folk medicine, especially in…","From Middle English dokke, from Old English docce, from Proto-West Germanic *dokkā, from Proto-Germanic *dukkǭ (compare dokke, dokke, vls dokkebladeren), from PIE *dʰew- (compare duga).",noun: A fixed structure attached to shore to which a vessel is secured when in port;,"From Early Modern English meaning ""area of mud in which a ship can rest at low tide, dock"", borrowed from either Dutch dok or Middle Low German docke, both from Middle Dutch docke, of Uncertain origin.",,,,
steep,3.99,False,2,2,adjective: Of a near-vertical gradient;,"From Middle English steep, from Old English stēap “high”, from Proto-Germanic *staupaz, from PIE *(s)tewp- “to push, stick”.",verb: To soak or wet thoroughly.,"From Middle English stepen, from Old Norse steypa “to make stoop, cast down, pour out, cast (metal)”, from Proto-Germanic *staupijaną “to tumble, make tumble, plunge”, from PIE *(s)tewb- “to push, hit”.",,,,
jaw,3.98,False,2,2,"noun: One of the bones, usually bearing teeth, which form the framework of the mouth.","From Middle English jowe, the further origin of which is Uncertain.",verb: To pour or throw out.,Uncertain.,,,,
berry,3.97,False,4,3,"noun: A small succulent fruit, of any one of many varieties.","From Middle English berie, from Old English berġe, from Proto-West Germanic *baʀi, from Proto-Germanic *bazją.",noun: An excavation;,From Middle English bery “a burrow”.,verb: To beat;,"From Middle English beryen, Middle English berien, from Old English *berian (found only in past participle Old English ġebered), from Proto-West Germanic *barjan, from Proto-Germanic *barjaną, from PIE *bʰerH-.",,
curry,3.96,False,5,2,"noun: One of a family of dishes originating from Indian cuisine, flavored by a spiced sauce.","1747 (as currey, first published recipe for the dish in English), from ta கறி, influenced by existing Middle English cury, from Middle French cuyre (whence also cuisine), from Vulgar Latin cocere, from Latin coquō.",verb: To groom (a horse);,"From Middle English currayen, from Old French correer, presumably from Vulgar Latin *conredare, from Latin com- (a form of Latin con-) + a verb derived from Proto-Germanic *raidaz.",,,,
rhetoric,3.95,False,2,2,"noun: The art of using language, especially public speaking, as a means to persuade.",,adjective: .,.,,,,
tense,3.95,False,2,2,noun: The property of indicating the point in time at which an action or state of being occurs or exists.,"From Middle English tens, from Old French tens (modern temps), from Latin tempus..",adjective: Showing signs of stress or strain;,"Borrowed from Latin tēnsus, one form of the past participle of Latin tendō.",,,,
gum,3.94,False,2,2,noun: The flesh around the teeth.,"From Middle English gom, Middle English gome, Middle English gomme, Middle English goome, Middle English gum, Middle English gume, Middle English gumme, from Old English gōma, from Proto-West Germanic *gōmō, from Proto-Germanic *gaumô, Pro…","noun: A viscous water-soluble carbohydrate exudate of certain plants that hardens when it becomes dry, or such a substance as a component of a plant exudate.","From Middle English gomme, Middle English gumme, borrowed from Anglo-Norman gome, from Late Latin gumma, from Latin cummi, Latin gummi, from Ancient Greek κόμμι, from egy qmy “anointing oil”, egy qmyt “acanthus resin, gum”.",,,,
leap,3.94,False,2,2,verb: To jump.,"From Middle English lepen, from Old English hlēapan, from Proto-West Germanic *hlaupan, from Proto-Germanic *hlaupaną..","noun: A trap or snare for fish, made from twigs;","From Middle English lep, from Old English lēap, from Proto-West Germanic *laup, from Proto-Germanic *laupaz.",,,,
bore,3.93,False,3,2,verb: To inspire boredom in somebody.,"From Middle English boren, from Old English borian, from Proto-West Germanic *borōn, from Proto-Germanic *burōną.",noun: A sudden and rapid flow of tide occurring in certain rivers and estuaries which rolls up as a wave.,"From Middle English *bore, Middle English bare, a borrowing from Old Norse bára, from Proto-Germanic *bērō, from PIE *bʰer-.",,,,
mint,3.92,False,3,2,"noun: Any plant in the genus in the family, typically aromatic with square stems.","From Middle English mynte, from Old English minte, from Proto-West Germanic *mintā, from Latin menta, probably from a lost Mediterranean language either through Ancient Greek μίνθη, Ancient Greek μίνθα or directly.","verb: To try, attempt;","From Middle English minten, from Old English myntan “to mean, intend, purpose, determine, resolve”, from Proto-West Germanic *muntijan “to think, consider”, from PIE *men-, PIE *mnā- “to think”.",,,,
pasta,3.92,False,3,2,noun: made from wheat and water and sometimes mixed with egg and formed into various shapes;,Borrowed from Italian pasta “paste;,noun: A copypasta (block of text which has been [[copy-paste).,Clip of copypasta.,,,,
stern,3.9,False,3,3,adjective: Having a hardness and severity of nature or manner.,"From Middle English stern, Middle English sterne, Middle English sturne, from Old English styrne “stern, grave, strict, austere, hard, severe, cruel”, from Proto-Germanic *sturnijaz “angry, astonished, shocked”, from PIE *ster- “rigid, sti…",noun: The rear part (after end) of a ship or other vessel.,"Middle English sterne, likely from Old Norse stjórn “control, steering”, related to Old Norse stýra “to steer”, from Proto-Germanic *stiurijaną, whence also English Old Norse steer.","noun: A bird, the black tern, seabird.",From a variant of tern.,,
fist,3.89,False,2,2,noun: A hand with the fingers clenched or curled inward.,"From Middle English fist, from Old English fȳst, from Proto-West Germanic *fūsti, of Uncertain origin, but possibly from PIE *pewǵ-.",verb: To break wind.,"From Middle English fisten, Middle English fiesten, from Old English *fistan (""to break wind gently"";",,,,
fry,3.89,False,3,3,verb: To affect or be affected by extreme heat or current.,"Cognate with φρύγω, भृज्ज् भृज्जति.",noun: Young fish;,"From Middle English frie, probably from Old Norse frjó, from Proto-Germanic *fraiwą, from PIE *(s)per-, PIE *(s)prey-.",noun: A kind of sieve.,"Dialectal, of Uncertain origin.",,
clutch,3.88,False,2,2,"verb: To seize, as though with claws.","From Middle English clucchen, Middle English clicchen, Middle English cluchen, Middle English clechen, Middle English cleken, from Old English clyċċan, from Proto-West Germanic *klukkjan, from Proto-Germanic *klukjaną, from Proto-Germanic…","noun: A brood of chickens or a sitting of bird, monotreme or reptile eggs;","Variant form of cletch, from Middle English cleken “to hatch”, perhaps from Old Norse klekja “to hatch”.",,,,
swallow,3.87,False,2,2,"verb: To cause (food, drink etc.) to pass from the mouth into the stomach;","From Middle English swolwen, from Old English swelgan, from Proto-West Germanic *swelgan, from Proto-Germanic *swelganą, from PIE *swelk-.","noun: A small migratory bird of the family with long, pointed wings and a forked tail which feeds on the wing by catching insects.","From Middle English swalwe, Middle English swalewe, Middle English swalowe, from Old English swealwe, from Proto-West Germanic *swalwā, from Proto-Germanic *swalwǭ.",,,,
lime,3.86,False,5,4,"noun: Any inorganic material containing calcium, usually calcium oxide (quicklime) or calcium hydroxide (slaked lime).","From Middle English lyme, Middle English lym, Middle English lime, from Old English līm, from Proto-West Germanic *līm, from Proto-Germanic *līmaz, from PIE *h₂leyH-.","noun: A deciduous tree of the genus, especially;","(17th c.) and line (16th c.) are alterations of obsolete lind, from Middle English lynde, from Old English lind, from Proto-Germanic *lindijō.","noun: Any of several green citrus fruit, somewhat smaller and sharper-tasting than a lemon.","French lime, from Spanish lima, from Arabic لِيمَة, from fa-cls لِیمُو, from Sanskrit निम्बू “lime”, ultimately from poz-pro *limaw or mun..","verb: To hang out or socialize in an informal, relaxed environment, especially with friends, for example at a party or on the beach.","Either a back-formation of limer or from the derogatory term limey, a term first given to British soldiers but also used by Trinidadians for American soldiers who used to hang out idle in Port of Spain during World War 2."
bait,3.85,False,4,2,"noun: Any substance, especially food, used in catching fish, or other animals, by alluring them to a hook, snare, trap, or net.","From Middle English bayte, Middle English bait, Middle English beite, from Old Norse beita, from Proto-Germanic *baitō, from PIE *bʰeyd-.",adjective: Obvious;,Unknown.,,,,
bark,3.85,False,4,3,"verb: To make a short, loud, explosive noise with the vocal organs (said of animals, especially dogs).","From Middle English barken, Middle English berken, Middle English borken, from Old English beorcan, from the Proto-West Germanic *berkan, from PIE *bʰerg-, from PIE *bʰer-.",noun: The exterior covering of the trunk and branches of a tree or of various other woody plants.,"From Middle English bark, from Old English barc “bark”, from Old Norse bǫrkr “tree bark”, from Proto-Germanic *barkuz, probably related to Proto-Germanic *birkijǭ “birch”, from PIE *bʰerHǵós (compare frāxinus, béržas), from Proto-Indo-Euro…","noun: A vessel, typically with three (or more) masts, with the foremasts (or fore- and mainmasts) square-rigged, and mizzenmast schooner-rigged.","From Middle English barke “boat”, from Middle French barque, from Late Latin barca, a regular syncope of Vulgar Latin, from la-cla bāris, from Ancient Greek βᾶρις “Egyptian boat”, from cop ⲃⲁⲁⲣⲉ “small boat”, from egx-dem br, from egy bꜣjr…",,
reef,3.83,False,3,2,"noun: A chain or range of rocks, sand, or coral lying at or near the surface of the water.","From earlier riff, from Middle English rif, from Old Norse rif, from Proto-Germanic *ribją, from PIE *h₁rebʰ-.",adjective: Scabby;,"From Middle English ref, Middle English hreof, from Old English hrēof “rough, scabby, leprous"", also ""a leper”, from Proto-Germanic *hreubaz “rough, scabby, scrubby”, from PIE *kreup- “scab, crust”, related to hrēofla.",,,,
sage,3.83,False,3,3,adjective: Wise.,"From Middle English sage, from Old French sage (11th century), from Vulgar Latin *sapium, from Latin sapere “to taste, to discern, to be wise”.","noun: The plant, native to the Mediterranean region, widely grown as a herb and as an ornamental garden plant.","From Middle English sauge, from Middle French sauge, from Old French salje, from Latin salvia, from Latin salvus “healthy”, see safe..",verb: The act of using the word or option sage in the email field or a checkbox of an imageboard when posting a reply.,"Japanese sage, from Japanese 下げる “to lower”.",,
hatch,3.82,False,3,2,noun: A horizontal door in a floor or ceiling.,"From Middle English hacche, Middle English hache, from Old English hæċ, from Proto-West Germanic *hakkju (compare hek ‘gate, railing’, Low German nds Heck ‘pasture gate, farmyard gate’), variant of Proto-West Germanic *haggju ‘hedge’.","verb: To shade an area of (a drawing, diagram, etc.) with fine parallel lines, or with lines which cross each other (crosshatch).","From Middle French hacher “to chop, slice up, incise with fine lines”, from Old French hacher, Old French hachier, from Frankish *hakōn, Frankish *hakkōn, from Proto-Germanic *hakkōną “to chop;",,,,
hawk,3.81,False,4,3,"noun: A diurnal predatory bird of the family, smaller than an eagle.","Middle English hauk,hauke,hawke,havek, from Old English hafoc, from Proto-West Germanic *habuk, from Proto-Germanic *habukaz, controversially derived from PIE *kopuǵos, perhaps ultimately derived from PIE *kap- “seize”.",verb: To sell;,.,noun: A noisy effort to force up phlegm from the throat.,"Probably imitative, like hock “cough”, hack “cough”, although see the latter entry for more.",,
peel,3.8,False,8,4,verb: To remove the skin or outer covering of.,"From Middle English pelen, from Old English pilian and Old French peler, Old French pellier;","noun: A shovel or similar instrument, now especially a pole with a flat disc at the end used for removing pizza or loaves of bread from a baker's oven.","From Middle English pele, from Old French pele (modern pelle), from Latin pāla, from the base of Latin plangō..",noun: An equal or match;,Unknown.,verb: To send through a hoop (of a ball other than one's own).,Named from Walter H.
tick,3.8,False,6,4,noun: A tiny woodland arachnid of the suborder.,"From Middle English tyke, Middle English teke, from Old English ticia, from Proto-West Germanic *tīkō, compare teek, Zecke.",verb: To make a clicking noise similar to the movement of the hands of an analog clock.,"From Middle English ticken, Middle English tiken, probably from Old English *ticcian, from Proto-West Germanic *tikkōn, cognate with zecken..",noun: Ticking.,"From Middle English tike, probably from Middle Dutch tike and Middle Low German teke, both ultimately from Latin theca.","noun: Credit, trust.",Clipping of ticket.
vent,3.8,False,5,4,"noun: An opening through which gases, especially air, can pass.","Partly from Middle French vent, from Latin ventus and partly from French éventer.",noun: Ventriloquism.,Clipping of ventriloquism.,verb: To sell;,"From French vente, from Latin vendo.",noun: .,Clipping of.
mold,3.77,False,4,3,noun: A hollow form or matrix for shaping a fluid or plastic substance.,"From Middle English molde, from Old French modle, Old French mole, from Latin modulus, from Latin modus..",noun: A natural substance in the form of a furry or woolly growth of tiny fungi that appears when organic material lies for a long time exposed to (usually warm and…,"From Middle English mowlde, noun use and alteration of Middle English mowled, past participle of Middle English mowlen, Middle English moulen “to grow moldy”, from Old Norse mygla (compare dialectal Danish Danish mugle), from Proto-Germani…","noun: Loose friable soil, rich in humus and fit for planting.","From Middle English molde, from Old English molde, from Proto-Germanic *muldō “dirt, soil” (compare molde, moude, moude, obsolete German German Molte, mold, and 𐌼𐌿𐌻𐌳𐌰), from PIE (compare mič, muři, bsh mřey, bsh mřëi, mire, muk, all meanin…",,
scar,3.77,False,3,3,"noun: A permanent mark on the skin, sometimes caused by the healing of a wound.","From Middle English scar, Middle English scarre, a conflation of Old French escare (from Late Latin eschara, from Ancient Greek ἐσχάρα “scab left from a burn”, and thus a) and Middle English skar (from Old Norse skarð “notch, chink, gap”,…",noun: A cliff or rock outcrop.,"From Middle English scarre, Middle English skarr, Middle English skerre, Middle English sker, a borrowing from Old Norse sker.","noun: A marine food fish, the scarus or parrotfish (family).","From Latin scarus “a kind of fish”, from Ancient Greek σκάρος “,, syn.",,
herd,3.77,False,2,2,noun: A number of domestic animals assembled together under the watch or ownership of a keeper.,"From Middle English herde, Middle English heerde, Middle English heorde, from Old English hierd, Old English heord, from Proto-West Germanic *herdu, from Proto-Germanic *herdō, from PIE *(s)kerdʰ-.",verb: To act as a herdsman or a shepherd.,"From Middle English herde, from Old English hirde, Old English hierde, from Proto-West Germanic *hirdī, from Proto-Germanic *hirdijaz.",,,,
foil,3.76,False,6,4,noun: A very thin sheet of metal.,"From Middle English foyle, from Middle French fueille, from Old French fueille “plant leaf”, from Late Latin folia, the plural of Latin folium, mistaken as a singular feminine.",verb: To prevent (something) from being accomplished.,"From Middle English foilen “spoil a scent trail by crossing it”, from Old French fouler “tread on, trample”, ultimately from Latin fullō “to trample, full”.",noun: The track of an animal.,From French foulis.,"noun: A small arc in the tracery of a window, etc.",
gore,3.75,False,3,2,"noun: Blood, especially that from a wound when thickened due to exposure to the air.","From Middle English gore, Middle English gor, Middle English gorre, from Old English gor, from Proto-West Germanic *gor, from Proto-Germanic *gurą, from PIE *gʷʰer-.",verb: To pierce with a horn or tusk.,"From Middle English goren, from Middle English gore, ultimately from Old English gār, from Proto-West Germanic *gaiʀ, from Proto-Germanic *gaizaz, from PIE *ǵʰoysós.",,,,
tray,3.75,False,6,2,"noun: A small, typically rectangular or round, flat, and rigid object upon which things are carried.","From Middle English trey, from Old English trēġ, Old English trīġ, from Proto-West Germanic *trauwi, from Proto-Germanic *trawją, from PIE *drewo-, PIE *dóru.","noun: A gay trans person, particularly a man (a man who is both transgender and gay)",Blend of trans + gay.,,,,
cue,3.75,False,3,2,noun: An action or event that is a signal for somebody to do something.,"From earlier qu, abbreviation of Latin quandō, marked on actor's play copy where they were to begin.",noun: A straight tapering stick used to hit the balls in various games.,"Variant of queue, from French queue “tail”.",,,,
greet,3.73,False,3,2,"verb: To welcome in a friendly manner, either in person or through another means such as writing.","From Middle English greten, from Old English grētan, from Proto-West Germanic *grōtijan, from Proto-Germanic *grōtijaną.",verb: To weep;,"From a blend of two Old English - verbs, Old English grētan, Old English grǣtan (itself from Proto-West Germanic *grātan);",,,,
proxy,3.73,False,2,2,adjective: Used as a proxy or acting as a proxy.,"Middle English procucie, contraction of Middle English procuracie, from Anglo-Norman procuracie, from Medieval Latin procuratia, from Latin prōcūrātiō, from Latin prōcūrō “to manage, administer” (procure).",noun: .,proximity + -y.,,,,
tow,3.72,False,2,2,"verb: To pull something behind one, such as by using a line, chain, or tongue.","From Middle English towen, from Old English togian, from Proto-West Germanic *togōn, from Proto-Germanic *tugōną, from PIE *dewk-.","noun: An untwisted bundle of fibres such as cellulose acetate, flax, hemp or jute.","From Middle English touw, from Old English “spinning” (in compounds, e.g.",,,,
verb,3.72,False,2,2,"noun: A word that indicates an action, event, or state of being.","From Middle English verbe, directly from Latin verbum “word, verb”, reinforced by Old French verbe, from PIE *werdʰo-..",noun: Reverb.,Clipping of reverb.,,,,
beck,3.71,False,4,3,noun: A stream or small river.,"From Middle English bek, Middle English bekk, Middle English becc, from bæc, Old English bec, Old English bæċe, Old English beċe, from Proto-Germanic *bakiz.","noun: A significant nod, or motion of the head or hand, especially as a call or command.","From Middle English bekken, a shortened form of Middle English bekenen, from Old English bēcnan, Old English bēacnian, from Proto-West Germanic *baukn, from Proto-Germanic *baukną.",noun: A vat.,See back.,,
funk,3.71,False,3,2,"noun: Foul or unpleasant smell, especially body odor.","1620, from French - dialectal (Norman) French funquer, French funquier “to smoke, reek”, from Old Northern French - Old French fungier “to smoke”, from Vulgar Latin fūmicāre, alteration of Latin fumigo “to smoke, fumigate”.",noun: Mental depression.,"1743, Scottish and Northern English dialectal word, originally a verb meaning “to panic, fail due to panic”.",,,,
slack,3.71,False,5,4,"noun: The part of anything that hangs loose, having no strain upon it.","From Middle English slak, from Old English slæc, from Proto-Germanic *slakaz.",verb: To slacken.,"From Middle English slakken, Middle English slaken, from Old English slacian, from Proto-Germanic *slakōną.","noun: A valley, or small, shallow dell;","From Middle English slak, from Old Norse slakki.",noun: ; coal dust.,Of unknown origin.
jumper,3.7,False,2,2,"noun: Someone or something that jumps, e.g.",,noun: A woollen sweater or pullover.,"From the term, originally in sailors' jargon, ultimately of Uncertain origin.",,,,
sol,3.69,False,6,2,noun: A type of colloid in which a solid is dispersed in a liquid.,"Sense 1 (“type of colloid”) is derived from -sol (in words like alcosol and hydrosol), an.",noun: .,,,,,
flock,3.69,False,2,2,"noun: A number of birds together in a group, such as those gathered together for the purpose of migration.","From Middle English flok, from Old English flocc, from Proto-West Germanic *flokk, from Proto-Germanic *flukkaz.",noun: Coarse tufts of wool or cotton used in bedding.,"From Middle English flok “tuft of wool”, from Old French floc “tuft of wool”, from Late Latin floccus “tuft of wool”, probably from Frankish *flokko “down, wool, flock”, from Proto-Germanic *flukkōn-, Proto-Germanic *flukkan-, Proto-German…",,,,
mart,3.69,False,4,2,"noun: A shop, a store, a market.","From Middle Dutch mart, Middle Dutch markt “market” (Modern markt), from Old Dutch *markat, from Late Latin marcātus, an alternative form of Classical Latin mercātus.",noun: A head of feeder cattle or fattened cattle (usually the latter).,"en-GB-SCT -, from Middle English -, from a gd - root, see gd mart.",,,,
mole,3.67,False,7,6,"noun: A naevus, a pigmented, slightly raised, and sometimes hairy spot on the skin.","From Middle English mole, Middle English mool, from Old English māl, from Proto-West Germanic *mail, from Proto-Germanic *mailą, from PIE *mel-, PIE *melw-, from PIE *mey-, PIE *my-.","noun: Any of several small, burrowing, insectivorous mammals of the family.","From Middle English molle, Middle English molde, Middle English mole, ultimately from Proto-West Germanic *mol(h), from Proto-Germanic *mulaz, Proto-Germanic *mulhaz, from PIE *molg-, PIE *molk-, from PIE *(s)melw-.","noun: A moll, a bitch, a slut.","From moll (from Moll, an archaic nickname for Mary), influenced by the spelling of the word mole “an internal spy”, and due to and merging as in the Australian accent.","noun: A massive structure, usually of stone, used as a pier, breakwater or junction between places separated by water.","From French môle or Latin mōles “mass, heap, rock”."
verge,3.67,False,2,2,"noun: A rod or staff of office, e.g.","Borrowed from Middle French verge “rod or wand of office”, hence ""scope, territory dominated"", from Latin virga “shoot, rod stick”, of unknown origin.",verb: To be or come very close;,"Borrowed from Latin vergō “to bend, turn, tend toward, incline”, from PIE *werg- “to turn”, from a root PIE *wer- “to turn, bend” (compare versus);",,,,
mute,3.66,False,3,3,adjective: Not having the power of speech;,"From Middle English muet, from Anglo-Norman muet, Old French moet, Middle French muet, from Middle French mu + Middle French -et, remodelled after Latin mūtus.",noun: The faeces of a hawk or falcon.,"From Middle French muetir, probably a shortened form of Middle French esmeutir, ultimately from Proto-Germanic -.",verb: To cast off;,From Latin mutare.,,
poop,3.66,False,6,4,verb: To defecate.,"Uncertain, possibly from Middle English poupen.","verb: To tire, exhaust.","Uncertain, perhaps sound imitation.",noun: The rear part (after end) of a ship or other vessel.,"From Middle English poupe, Middle English pope, from Old French pope, Old French poupe, Old French pouppe, from Italian poppa, from Vulgar Latin *puppa, from Latin puppis, all meaning “stern of a ship”.",noun: A stupid or ineffectual person.,"Uncertain, perhaps a shortening of nincompoop."
basil,3.65,False,4,3,noun: A plant ().,"Middle English basile, from Middle French basile, from Old French basile, from Medieval Latin basilicum, from Ancient Greek βασιλικόν “royal”, from Ancient Greek βασιλεύς “king”.;",noun: The angle to which a joiner's tool is ground away.,Variant of bezel.,noun: The skin of a sheep tanned with bark.,"Corrupted from basan, from French basane, from Late Latin basanium, from Arabic بِطانَة “lining”.",,
corporal,3.65,False,3,2,"adjective: Of or pertaining to the body, especially the human body;","From Middle English corporal, Middle English corporall, Middle English corporel, Middle English corporell, from Old French corporal (corporel), from Latin corporālis, from Latin corpus;",noun: A non-commissioned officer army rank with NATO code OR-4.,"From French caporal, probably influenced by corporal (above), from the Italian caporale, from Italian capo from Latin caput.",,,,
fax,3.63,False,3,2,"noun: (a device which scans, transmits, receives and prints documents (faxes) transmitted by telephone)",Clipping of facsimile.,noun: .,Formed with -x from facts;,,,,
refrain,3.63,False,2,2,verb: To stop oneself from some action or interference;,"Middle English refreynen, from Anglo-Norman refrener, Old French refrener, from Latin refrēnāre, from re- + frēnāre, from Latin frēnum.",noun: The chorus or burden of a song repeated at the end of each verse or stanza.,"From French refrain, from the Old French - verb Old French refraindre, from Latin re- + Latin frangō;",,,,
squash,3.63,False,3,2,noun: A sport played in a walled court with a soft rubber ball and bats like tennis racquets.,"From Middle English squachen, Middle English squatchen, from Old French esquacher, Old French escachier, from Vulgar Latin *excoāctiāre, from Latin ex + Latin coāctāre.","noun: A plant and its fruit of any of a few species of the genus, or gourd kind.","Shortening of xnt askutasquash “[a vegetable] eaten green (or raw)”, from askut + asquash.",,,,
groom,3.63,False,2,2,noun: A man who is about to marry.,"1604, short for bridegroom “husband-to-be”, from Middle English brydgrome, alteration (with intrusive r) of earlier Middle English bridegome “bridegroom”, from Old English brȳdguma “bridegroom”, from Old English brȳd “bride” + Old English…",noun: A person who looks after horses.,"From Middle English grom, Middle English grome “man-child, boy, youth”, of uncertain origin.",,,,
warp,3.63,False,2,2,"noun: The state, quality, or condition of being twisted, physically or mentally:","From Middle English warp, Middle English werp, from Old English wearp, Old English warp “a warp, threads stretched lengthwise in a loom, twig, osier”, from Proto-Germanic *warpą “a warp”.","verb: To twist or become twisted, physically or mentally.","From Middle English werpen, Middle English weorpen, Middle English worpen, from Old English weorpan “to throw”, from Proto-West Germanic *werpan, from Proto-Germanic *werpaną “to throw, turn”, from PIE *werb- “to bend, turn”.",,,,
gale,3.62,False,4,2,"noun: A shrub, also called sweet gale or bog myrtle (), that grows on moors and fens.","From Middle English gaile, Middle English gawl, Middle English gawwyl, Middle English gaȝel, Middle English gagel, from Old English gagel, Old English gagelle, Old English gagille, Old English gagolle, from Proto-West Germanic *gagul, from…",noun: The personal mining plot of a freeminer.,From Middle English gavel “rent;,,,,
tally,3.62,True,4,2,interjection: Target sighted.,Clipping of tallyho.,"noun: One of two books, sheets of paper, etc., on which corresponding accounts were kept.","From Middle English talie, from Anglo-Norman tallie and Old French taille, from Medieval Latin tallia, from Latin talea..",,,,
bale,3.61,False,5,3,"noun: Evil, especially considered as an active force for destruction or death.","From Middle English bale, from Old English bealu, from Proto-West Germanic *balu, from Proto-Germanic *balwą.","noun: A rounded bundle or package of goods in a cloth cover, and corded for storage or transportation.","From Middle English bale, from Old French bale and Medieval Latin bala, of Germanic - origin..",verb: To remove water from a boat with buckets etc.,Alternative spelling of bail.,,
stint,3.61,False,3,2,verb: To be sparing or mean.,"From Middle English stinten, from Old English styntan and Old English *stintan (attested in Old English āstintan), from Proto-West Germanic *stuntijan, from Proto-Germanic *stuntijaną and Proto-Germanic *stintaną, probably influenced in so…",noun: Any of several very small wading birds in the genus.,Origin Unknown.,,,,
cellar,3.6,False,2,2,"noun: An enclosed underground space, often under a building, used for storage or shelter.","From Middle English celer, Middle English seler, from Anglo-Norman celer, Old French celier (modern French cellier), from Late Latin cellārium, from Latin cella..",noun: salt cellar,"From 15th century English saler, from French salière, from Latin salarius “relating to salt”, from Latin sal “salt”.",,,,
mare,3.6,False,4,3,noun: An adult female horse.,"From Middle English mare, Middle English meare, Middle English meir, Middle English mer, Middle English mere, Middle English meyre, Middle English mure, from Old English mīere, from Proto-West Germanic *marhijā, from Proto-Germanic *marhij…",noun: A nightmare;,"Middle English mare, from Old English mare “nightmare, monster”, from Proto-West Germanic *marā, from Proto-Germanic *marǭ “nightmare, incubus”, from PIE *mor- “feminine evil spirit”..","noun: A large, dark plain, which may have the appearance of a sea, such as those on the Moon.",Borrowed from Latin mare “sea”..,,
quarry,3.6,False,3,3,"noun: A site for mining stone, such as limestone, or slate.","From Middle English quarere, from Medieval Latin quarreria (1266), literally a “place where stones are squared”, from Old French quarrière (compare modern French French carrière), from Vulgar Latin, from Latin quadrō “to square”, itself fr…","noun: An animal, often a bird or mammal, which is hunted.","From Middle English quyrre, Middle English querre, Middle English quirre, from Anglo-Norman quiree “entrails of deer placed on the hide and given to dogs of the chase as a reward” (influenced by Old French cuir “skin (of an animal)”, from…","noun: A diamond-shaped tile or pane, often of glass or stone.",Alteration of quarrel “diamond-shaped piece of coloured glass forming part of a stained glass window;,,
poppy,3.59,False,4,3,adjective: Having a popping or bursting sound.,From pop + y.,"adjective: Typical of, or in the style of, pop music.",From popular + y.,"noun: One's father or grandfather, or a male authority figure having similar standing.",From.,,
installment,3.58,False,2,2,"noun: One of a series of parts, whether equal or unequal to the other parts of the series, of a given entity or a given process, which part presents or is presented…","A 1732 alteration of Middle English estallment, from Anglo-Norman estaler “fix payments”, from Old French estal “fixed position”, from Old High German stal “stall"", ""standing place” The sense of ""part of a whole produced in advance of the…",noun: The act of installing;,"From install + ment, install from Old French installer, from Medieval Latin installare, from Medieval Latin in- and Medieval Latin stallum, stall from a Germanic source (compare stal).",,,,
hog,3.57,False,3,3,"noun: Any animal belonging to the family of mammals, especially the pig, the warthog, and the boar.","From Middle English hog, from Old English hogg, Old English hocg, possibly from Old Norse hǫggva, from Proto-Germanic *hawwaną, from PIE *kewh₂-.","verb: To process (bark, etc.) into hog fuel.",,noun: A quahog (clam).,Clipping of quahog.,,
lea,3.57,False,2,2,"noun: An open field, meadow, pasture.","From Middle English legh, Middle English lege, Middle English lei, from Old English lēah from Proto-West Germanic *lauh, from Proto-Germanic *lauhaz, from PIE *lówkos.",noun: Any of several measures of yarn;,"From Middle English le, Middle English lee, Middle English ley, of Uncertain origin.",,,,
rue,3.56,False,3,2,verb: To repent of or regret (some past action or event);,"From Middle English rewen, Middle English ruwen, Middle English ruen, Middle English reowen, from Old English hrēowan, perhaps influenced by Old Norse hryggja, from Proto-Germanic *hrewwaną.","noun: Any of various perennial shrubs of the genus Ruta, especially the herb (common rue), formerly used in medicines.","From Middle English rue, from Anglo-Norman ruwe, Old French rue, from Latin rūta, from Ancient Greek ῥυτή.",,,,
din,3.56,False,3,2,noun: A loud noise;,"From Middle English dyne, Middle English dynne, from Old English dyne, from Proto-West Germanic *duni, from Proto-Germanic *duniz, from PIE, from PIE *dʰwen- “to make a noise”.","verb: To make a din, to resound.","From Middle English dynnen, from Old English dynnan, from Proto-Germanic *dunjaną, from PIE *dʰwen- “to make a noise”.",,,,
mash,3.55,False,6,4,noun: A mass of mixed ingredients reduced to a soft pulpy state by beating or pressure;,"From Middle English mash, from Old English mǣsċ, Old English māsċ, Old English māx, from Proto-Germanic *maiskaz, Proto-Germanic *maiskō “mixture, mash”, from PIE *meyǵ-, PIE *meyḱ- “to mix”.",verb: To convert into a mash;,"From Middle English mashen, Middle English maschen, Middle English meshen, from Old English *māsċan, Old English *mǣsċan, from Proto-Germanic *maiskijaną.","verb: To flirt, to make eyes, to make romantic advances.","Either by analogy with mash “to press, to soften”, or more likely from Romani masha “a fascinator, an enticer”, Romani mashdva “fascination, enticement”.",noun: A gun.,"Mostly Clipping of machine gun, but also for imitative reasons, compare the gun-names mop and broom;"
summon,3.55,False,2,2,verb: To call people together;,"From Anglo-Norman somoundre, from Old French sumundre, from Latin summoneo, itself from Latin sub + Latin moneo, ultimately from PIE *monéyeti, causative from PIE *men- “to think”.",noun: A fine;,"Borrowed from ms saman, which is itself borrowed from English summons.",,,,
ware,3.55,False,8,3,noun: Goods or a type of goods offered for sale or use.,"From Middle English ware, from Old English waru, from Proto-West Germanic *waru, from Proto-Germanic *warō as in beware, in the sense of “an object of care, a valuable”, from PIE *wer-, whence also ward.","noun: Spring, springtime.","From Middle English ware, from Old Norse vár, from Proto-Germanic *wazrą.",verb: were.,,,
clap,3.54,False,2,2,"noun: The act of striking the palms of the hands, or any two surfaces, together.","From Middle English clappen, from Old English clæppan, Old English *clappian, from Proto-West Germanic *klappijan, Proto-West Germanic *klappōn, from Proto-Germanic *klappōną.",noun: .,Uncertain.,,,,
pawn,3.53,False,5,3,"noun: The state of being held as security for a loan, or as a pledge.","From Middle English paun, Middle English pawyn, Middle English pawnd, from Old French pan, Old French pant, from a Germanic - language, perhaps Frankish *pand, Uncertain.","noun: The most numerous chess piece, or a similar piece in a similar game.","From Middle English pown, from Anglo-Norman peon, from Late Latin pedo, derived from Latin pes..",noun: A gallery.,,,
stool,3.52,False,2,2,"noun: A seat, especially for one person and without armrests.","From Middle English stool, from Old English stōl, from Proto-West Germanic *stōl, from Proto-Germanic *stōlaz, from PIE, from PIE *steh₂-.",verb: To ramify;,From Latin stolo.,,,,
squat,3.48,False,2,2,"adjective: Relatively short or low, and thick or broad.","From Middle English squatten, from Old French esquatir, Old French escatir “compress, press down, lay flat, crush”, from Old French es- “ex-” + Old French quatir “press down, flatten”, from Vulgar Latin *coactire “press together, force”, f…",noun: The angel shark (genus).,From Latin squatina.,,,,
stew,3.48,False,4,3,noun: A dish cooked by stewing.,"From Middle English stewe, Middle English stue, from Anglo-Norman estouve, Old French estuve (modern étuve), from Medieval Latin stupha, of uncertain origin.",noun: A cloud of fine particles or droplets;,Probably related to stuven and stive.,noun: A steward or stewardess on an airplane or boat.,Clipping of steward or stewardess.,,
char,3.47,False,5,4,verb: To burn something to charcoal;,.,noun: Any of the several species of fishes of the genus.,"Unknown, perhaps from cel -, such as Irish ceara (found in personal names).","noun: An odd job, a chore or piece of housework.","From Middle English cherre “odd job”, from Old English ċierr “a turn, change, time, occasion, affair, business”, from Old English ċierran “to turn, change, turn oneself, go, come, proceed, turn back, return, regard, translate, persuade, co…",noun: A character (text element such as a letter or symbol).,Clipping of character.
grail,3.46,False,4,3,noun: The Holy Grail.,"From Middle English graal, Middle English greal, from Old French graal, Old French greal “cup”, from Medieval Latin gradalis, possibly corrupted over time from Latin crater “bowl”.",noun: A book of offices in the Roman Catholic Church;,"From Middle English grayel, from Old French grael, ultimately from Latin graduale..",noun: One of the small feathers of a hawk.,Compare graite slender.,,
annoy,3.46,False,2,2,"verb: To disturb or irritate, especially by continued or repeated acts;","From Middle English anoyen, from Old French enoiier, from Late Latin inodio, derived from Latin odium.",noun: A feeling of discomfort or vexation caused by what one dislikes.,"From Middle English anoy, from Old French enui..",,,,
boon,3.45,False,3,3,noun: A good thing;,"From Middle English boon “prayer”, from Old Norse bón “prayer, petition”, from Proto-Germanic *bōniz “supplication”, influenced by boon “good, favorable”.;",adjective: Gay;,"From Middle English boon, Middle English bone, borrowed from Old Northern French boon, from Old French bon “good”, from Latin bonus “good”, from itc-ola duonus, itc-ola dvenos, from PIE *dū- “to respect”.","noun: The woody portion of flax, separated from the fiber as refuse matter by retting, braking, and scutching.","From Middle English bone, akin to or alteration of Old English bune “reed;",,
sew,3.45,False,3,2,verb: To use a needle to pass thread repeatedly through (pieces of fabric) in order to join them together.,"From Middle English sewen, Middle English sowen, from Old English siwian, Old English seowian, Old English seowan, from Proto-Germanic *siwjaną, from PIE *syewH-.","verb: Of a ship, to be grounded.",Back-formation of sewer + a drain.,,,,
roe,3.44,False,2,2,noun: Eggs of fish.,"From Middle English rowe, Middle English rowne, Middle English roun, Middle English rawne, from Old English *hrogn, from Proto-Germanic *hrugnaz, Proto-Germanic *hrugną, from PIE *krek-.",noun: .,"From Middle English ro, Middle English roa, from Old English rā, Old English rāha, from Proto-West Germanic *raihō, from Proto-Germanic *raihô, Proto-Germanic *raihą, from PIE *róyko-, from PIE *rey- “spotted, streaked”.",,,,
ache,3.43,False,3,2,verb: To suffer pain;,"Middle English aken, and Middle English ache, from Old English acan (from Proto-West Germanic *akan, from Proto-Germanic *akaną) and Old English æċe (from Proto-West Germanic *aki, from Proto-Germanic *akiz), traditionally explained as fro…",noun: .,Representing the pronunciation of the letter H.,,,,
stale,3.43,False,5,2,"adjective: No longer fresh, in reference to food, urine, straw, wounds, etc.","From Middle English stale, from Old French estal “fixed position, place”, but probably originally from Proto-Germanic *stāną: compare stel in the same sense for ‘beer’ and ‘urine’.","noun: A long, thin handle (of rakes, axes, etc.)","From Middle English stale, from Old English stalu, from Proto-Germanic *stalō;",,,,
hound,3.43,False,3,2,"noun: A dog, particularly a breed with a good sense of smell developed for hunting other animals.",". Cognate with hond, Hund, hund, hundur.","noun: Projections located at the masthead or foremast, serving as a support for the trestletrees and top on which to rest;","From Middle English hownde, Middle English hount, Middle English houn, probably from Old Norse húnn, from Proto-Germanic *hūnaz.",,,,
muster,3.42,False,2,2,noun: A gathering.,"From Middle English musteren, borrowed from Anglo-Norman mostrer, Middle French monstrer, Middle French moustrer (whence the noun Middle French monstre, which gave the English noun), from Latin mōnstrō “to show”, from Latin moneō “to admon…",noun: .,,,,,
noodle,3.42,False,6,3,"noun: A string or flat strip of pasta or other dough, usually cooked (at least initially) by boiling, and served in soup or in a dry form mixed with a sauce and othe…","Borrowed from Dutch noedel, or from its German Nudel;",verb: To hum or sing (a tune) at a low pitch or volume.,"Possibly either: * a of Shetland Scots nune (from Danish nynne, no nuna, no nynna, originally) + doodle;","verb: To catch (fish (usually very large catfish), turtles, or other aquatic animals) with the hands;",Unknown;,,
gorge,3.4,False,3,2,noun: The throat of a flower.,"From Middle English gorge “esophagus, gullet;",adjective: Gorgeous.,Clipping of gorgeous;,,,,
hinder,3.39,False,2,2,verb: To make difficult to accomplish;,"From Middle English hindren, from Old English hindrian, from Proto-Germanic *hindrōną, Proto-Germanic *hinderōną, from Proto-Germanic *hinder (adverb).","adjective: Of or belonging to that part or end which is in the rear or hind, or which follows.","Middle English hinder,.",,,,
maxim,3.39,False,2,2,noun: A precept;,"From Anglo-Norman maxime and Middle French maxime, from Late Latin maxima, noun use of the feminine singular form of Latin maximus (apparently as used in the phrase Latin prōpositiō maxima)..",noun: .,.,,,,
barrow,3.38,False,4,2,noun: A hill.,"From Middle English berwe, Middle English bergh, from Old English beorg, from Proto-West Germanic *berg, from Proto-Germanic *bergaz, from PIE *bʰérǵʰos, from PIE *bʰerǵʰ-..",noun: A small vehicle used to carry a load and pulled or pushed by hand.,"From Middle English barowe, Middle English barwe, Middle English barewe, from Old English bearwe “basket, handbarrow”, from Proto-West Germanic *barwā, Proto-West Germanic *barwijā, from Proto-Germanic *barwǭ, Proto-Germanic *barwijǭ “stre…",,,,
sow,3.38,False,2,2,"noun: A contemptible, often fat woman.","From Middle English sowe, from Old English sugu, from Proto-West Germanic *sugu, from Proto-Germanic *sugō, probably from PIE, from PIE *suH-.","verb: To scatter, disperse, or plant (seeds).","From Middle English sowen, from Old English sāwan, from Proto-West Germanic *sāan, from Proto-Germanic *sēaną, from PIE *seh₁-.",,,,
tart,3.37,False,3,3,adjective: Sharp to the taste;,"From Middle English tart, from Old English teart “sharp, rough, severe”, from Proto-West Germanic *tart, from Proto-Germanic *tartaz, from Proto-Germanic *teraną “to tear”, from PIE *der-.","noun: A type of small open pie, or piece of pastry, now typically containing jelly (US) / jam (UK) or conserve, or sometimes other fillings (chocolate, custard, egg,…","From Middle English tart, Middle English tarte, from Old French tarte, Old French tartre (compare tarta), of Unknown origin.",noun: A prostitute.,"From a, or from jam tart by shortening.",,
rein,3.37,False,2,2,"noun: A strap or rope attached to a bridle or bit, used to control a horse, other animal or young child.","From Middle English rein, Middle English reyne, from Anglo-Norman resne, from la-eme retina, ultimately from Classical Latin retineō, from Latin re- + Latin teneō.",noun: The inward impulses;,"From Anglo-Norman - Old French reines, Middle French reins, and their source, Latin rēnēs..",,,,
duff,3.36,False,5,3,"noun: A stiff flour pudding, often with dried fruit, boiled in a cloth bag, or steamed.",Representing a northern England and Scots pronunciation of dough.,noun: Decaying vegetable matter on the forest floor.,Uncertain;,verb: To alter the branding of stolen cattle;,Originally thieves' slang;,,
moor,3.35,False,2,2,"noun: An extensive waste covered with patches of heath, and having a poor, light (and usually acidic) soil, but sometimes marshy, and abounding in peat;","From Middle English mor, from Old English mōr, from Proto-West Germanic *mōr, from Proto-Germanic *mōraz, from PIE *móri.",verb: To cast anchor or become fastened.,"From Middle English moren, from unattested Old English *mārian, from Proto-West Germanic *mairōn “to moor, fasten to”, related to Proto-Germanic *maida- “post”, from PIE *mēyt-, PIE *meyt-, from PIE *mēy-, PIE *mey- “stake, pole”.",,,,
pip,3.35,False,6,5,"noun: Any of various respiratory diseases in birds, especially infectious coryza.","From Middle English pippe, from Middle Dutch pip, from post-classical Latin pipita, from Latin pītuīta “mucus, phlegm, head cold”..","noun: Something or someone excellent, of high quality.","Apparently representing a shortened form of pippin, from Middle English pipin, from Old French pepin “a seed” (pépin, q.v.).","verb: To peep, to chirp.",Onomatopoeic.,"noun: One of a series of very short, electronically produced tones, used, for example, to count down the final few seconds before a given time or to indicate that a…",Onomatopoeic.
loom,3.34,False,3,2,noun: A utensil;,"From Middle English lome, from Old English *lōma, Old English ġelōma “tool, utensil, implement, article of furniture, household effect” (also as Old English andlōma, Old English andġelōma, Old English andlama “utensil, instrument, implemen…","verb: To appear indistinctly, e.g.",Origin Uncertain.,,,,
dole,3.33,False,3,2,noun: Distribution;,"From Middle English dol, from Old English dāl “portion, share, division, allotment”, from Proto-Germanic *dailą “part, deal”, from PIE *dʰayl- “part, watershed”.",noun: Dolus.,"From Middle English dole “grief”, from Old French doel (compare deuil), from Late Latin dolus, from Latin doleo.",,,,
mace,3.33,False,4,3,noun: A heavy fighting club.,"From Middle English mace, borrowed from Old French mace, Old French mache, from Vulgar Latin matia, Latin matia, Latin matia, (compare mazza, maza), probably from Proto-West Germanic *mattjō.",noun: A spice obtained from the outer layer of the kernel of the fruit of the nutmeg.,"From Middle English -, from re-interpretation of Middle English macys as a plural (as with pea);",noun: An old money of account in China equal to one tenth of a tael.,"Borrowed from jv and ms, meaning ""a bean"".",,
alba,3.33,False,4,2,"noun: A type of lyrical poetry, traditionally Provençal, about lovers who must part at dawn.",First attested in 1821;,noun: A white-flowered shrub rose of the hybrid.,First attested in 1848;,,,,
dun,3.33,False,9,5,noun: A brownish grey colour.,"From Middle English dun, Middle English donn, Middle English dunne, from Old English dunn, from Proto-West Germanic *duʀn, from Proto-Germanic *dusnaz, Proto-Germanic *dusnaz, from PIE *dʰewh₂-.","noun: A collector of debts, especially one who is insistent and demanding.",Unknown;,"noun: A newly hatched, immature mayfly;",Uncertain;,noun: An ancient or medieval fortification;,"From Irish dún or gd dùn, from Proto-Celtic *dūnom."
aba,3.32,False,3,3,"noun: A coarse, often striped, felted fabric from the Middle East, woven from goat or camel hair.",Borrowed from Arabic عَبَاءَة.,noun: An altazimuth used for astronomy on either land or water.,"* From the name of its creator, the French explorer A.","noun: An electric fish of species (frankfish,,), found in swamps, lakes and rivers in Africa.",,,
melon,3.32,False,2,2,"noun: Some of the plants of the family grown for food, generally not including the cucumber.","From Middle English meloun, Middle English melon, from Old French melon, from Late Latin melonem, from Latin melopeponem, from Ancient Greek μηλοπέπων, from Ancient Greek μῆλον + Ancient Greek πέπων.",noun: .,,,,,
quarrel,3.31,False,3,2,noun: A dispute or heated argument (especially one that is verbal).,"From Middle English querele, from Anglo-Norman querele and Middle French querele, Middle French querelle (modern querelle), and from their Latin querēla, Latin querella, from Latin querī + Latin -ēla, Latin -ella.",noun: A diamond- or square-shaped piece of glass forming part of a lattice window.,"From Middle English quarrel, from Anglo-Norman quarel, Anglo-Norman quarele, Anglo-Norman quarrel, Middle French quarrel, and Old French quarel, Old French quarrel, Old French carrel (modern carreau), from Late Latin quarellus, Late Latin…",,,,
fay,3.29,False,5,3,verb: To join (pieces of timber) tightly.,"Middle English feyen, Middle English feien, from Old English fēġan, from Proto-West Germanic *fōgijan, from Proto-Germanic *fōgijaną, from Proto-Germanic *fōgō, from PIE *peh₂ḱ-.",noun: A fairy.,"Middle English faie, Middle English fei “a place or person possessed with magical properties”, from Middle French feie, Middle French fée “fairy"", ""fae”, from Old French fae, from Medieval Latin fāda.",noun: A white person.,Abbreviation of ofay.,,
pore,3.28,False,2,2,noun: A tiny opening in the skin.,"From Middle English pore, from Old French pore, from Latin porus, from Ancient Greek πόρος.",verb: To study meticulously;,"From Middle English poren, Middle English pouren, Middle English puren, from Old English *pūrian, from Proto-West Germanic *pūrōn, suggested by spyrian.",,,,
fret,3.27,False,6,5,verb: To chafe or irritate;,"From Middle English frēten, from Old English fretan “to eat up, devour;","noun: An ornamental pattern consisting of repeated vertical and horizontal lines, often in relief.","From Middle English frēten, from Old French freté, Old French freter, Old French fretter “to fret (decorate with an interlacing pattern)”, from Old French fret (from Old French fraindre “to break”, from Latin frangō “to break, shatter”, +…","noun: One of the pieces of metal, plastic or wood across the neck of a guitar or other string instrument that marks where a finger should be positioned to depress a…","From Middle English freten, from Old French freter, from Old French frete “ferrule, ring” (modern frette).","noun: A channel, a strait;","From Latin fretum “channel, strait”.."
abort,3.27,False,2,2,"noun: An early termination of a mission, action, or procedure in relation to missiles or spacecraft;","From Middle English -, from Latin abortus, perfect active participle of Latin aborior “miscarry”, formed from Latin ab + Latin orior “to come into being”..",verb: To cause a premature termination of (a fetus);,"From Latin abortare, from Latin abortus, from Latin aboriri “miscarry”, from Latin ab- “not” + Latin oriri “come into being, arise, appear”.",,,,
flatter,3.27,False,4,2,"verb: To compliment someone, often (but not necessarily) insincerely and sometimes to win favour.","*From Middle English flatteren, Middle English flateren, probably a conflation of Old English floterian, Old English flotorian, from Proto-West Germanic *flotrōn, from Proto-Germanic *flutrōną, from PIE *plewd-, equivalent to;",noun: A type of set tool used by blacksmiths.,,,,,
excise,3.26,False,2,2,"noun: A tax charged on goods produced within the country (as opposed to customs duties, charged on goods from outside the country).","From Middle Dutch excijs, altered under the influence of Latin Latin excisus “cut out, removed”, from earlier Middle Dutch accijs “tax”, from Old French acceis “tax, assessment” (whence modern accise), from Vulgar Latin *accensum, ultimate…",verb: To cut out;,"From French exciser, from Latin excisus, past participle of Latin excīdō “cut out”, from Latin ex “out of, from” + Latin caedō “cut”.",,,,
groin,3.26,False,3,3,"noun: The crease or depression of the human body at the junction of the trunk and the thigh, together with the surrounding region.","From earlier grine, from Middle English grinde, Middle English grynde, from Old English grynde “abyss” (perhaps also ""depression, hollow""), probably related to Proto-Germanic *grunduz;",verb: To grunt;,"From Middle English groynen, from a mixture of Old French groignier, Old French grougnier (from Latin grunniō) and Old English grunnian (from Proto-Germanic *grunnōną).",noun: .,,,
hoe,3.25,False,4,3,"noun: Any of various tools for scraping, scratching, digging or stirring soil or other materials.","From Middle English howe, from Anglo-Norman hoe, from Frankish *hauwā, derivative of Frankish *hauwan, from Proto-Germanic *hawwaną.",noun: A piece of land that juts out towards the sea;,"From Middle English hough, Middle English hogh, from Old English hōh.","noun: The horned or,.","Cognate with haai, qv.",,
leach,3.25,False,2,2,"noun: A quantity of wood ashes, through which water passes, and thus imbibes the alkali.","From Middle English leche, from Old English *lǣċ, Old English *lǣċe, from Proto-Germanic *lēkijō (compare *lekaną), from PIE *leǵ-.",verb: To purge a soluble matter out of something by the action of a percolating fluid.,"From Middle English *lechen, Middle English *lecchen, from Old English leċċan, from Proto-Germanic *lakjaną, from PIE *leǵ-.",,,,
terrier,3.24,False,3,2,"noun: A dog from a group of small, lively breeds, originally bred for the hunting of burrowing prey such as rats, rabbits, foxes, and even otters;","Borrowed from Middle French -, from Old French chien terrier “terrier dog”, from Old French chien “dog” + Old French terrier “of earth”, from Medieval Latin terrarius “of earth”, from Latin terra “earth”.",noun: An auger or borer.,"Compare terō, Latin terebra “a borer”.",,,,
budge,3.23,False,3,2,verb: To move;,"Borrowed from Middle French bouger, from Old French bougier, from Vulgar Latin *bullico, from Latin bullio.","noun: A kind of fur prepared from lambskin dressed with the wool on, formerly used as an edging and ornament, especially on scholastic habits.","From Middle English bouge, Middle English bougie, Middle English bugee, from Anglo-Norman bogé, from Anglo-Latin *bogea, Latin bulgia, related to bulga..",,,,
sash,3.23,False,2,2,noun: A piece of cloth designed to be worn around the waist.,From Arabic شَاش “muslin cloth”.,"noun: The opening part of a window, usually containing the glass panes;","From sashes, from metathesis of French châssis “frame (of a window or door)”, taken as a plural and -s trimmed off by the late 17th century.",,,,
clout,3.23,False,2,2,"noun: Influence or effectiveness, especially political.","From Middle English clout “piece of cloth”, from Old English clūt, from Proto-West Germanic *klūt, from Proto-Germanic *klūtaz, from PIE *gelewdos, from PIE *gel-.",verb: .,,,,,
kink,3.21,False,2,2,verb: To laugh loudly.,"From Middle English kinken, Middle English kynken, from Old English *cincian (attested in Old English cincung), from Proto-West Germanic *kinkōn, from Proto-Germanic *kinkōną “to laugh”, from PIE *gang- “to mock, jeer, deride”, related to…","noun: A tight curl, twist, or bend in a length of rope, line, or other long cylindrical material, such as hair etc.","From Dutch kink “a twist or curl in a rope”, from Proto-Germanic *kenk-, Proto-Germanic *keng- “to bend, turn”, from PIE *gengʰ- “to turn, wind, braid, weave”.",,,,
ara,3.21,False,3,3,noun: The great blue and yellow macaw ().,mul-tax Ara.,"noun: A traditional alcoholic beverage consumed in Bhutan, made from rice, maize, millet, or wheat, either fermented or distilled.","Borrowing from dz ཨ་རག་, ultimately from Arabic عرق..",noun: A ().,From Japanese あら.,,
cot,3.21,False,6,3,"noun: A simple bed, especially one for portable or temporary purposes.","Borrowed from Hindi खाट, from pra-sau 𑀔𑀝𑁆𑀝𑀸, from Sanskrit खट्वा “bedstead”.","noun: A pen, coop, or similar shelter for small domestic animals, such as sheep or pigeons.","From Middle English cot, Middle English cote, from Old English cot and Old English cote, from Proto-Germanic *kutą, Proto-Germanic *kutǭ (compare kot, kūz), from xsc - (compare 𐬐𐬀𐬙𐬀).","noun: A small, crudely-formed boat.","From Irish coite, Irish coit, possibly from Medieval Latin cattia.",,
kali,3.21,False,3,2,"noun: The (, syn.",From Arabic قِلْي.,"noun: Traditional Philippine stick fighting, a martial art.",Uncertain;,,,,
whoop,3.2,False,2,2,"noun: A loud, eager cry, usually of joy.","From Middle English whopen, Middle English whowpen, Middle English howpen, Middle English houpen, partially from Old French houper, Old French hopper, Old French houpper, from Proto-West Germanic *hwōpan, from Proto-Germanic *hwōpaną (comp…","verb: To beat, to strike.",From a traditional African American and Southern US pronunciation of whip.,,,,
keel,3.19,False,4,3,noun: A large beam along the underside of a ship’s hull from bow to stern.,"From Middle English kele, from Old Norse kjǫlr, itself from Proto-Germanic *keluz, of uncertain origin.","noun: A broad, flat vessel used for cooling liquids;","From Middle English kelen, from Old English cēlan, from Proto-West Germanic *kōlijan, from Proto-Germanic *kōlijaną.",noun: Red chalk;,Probably from gd cìl “ruddle”.,,
shrub,3.19,False,3,3,"noun: A woody plant smaller than a tree, and usually with several stems from the same base.","From Middle English schrub, Middle English schrob, (also unassibilated as Middle English scrub), from Old English *sċrob and Old English sċrybb “a shrub;","noun: A liquor composed of vegetable acid, fruit juice (especially lemon), sugar, sometimes vinegar, and a small amount of spirit as a preservative.","From Arabic شِرَاب “a drink, beverage”, Arabic شَرِبَ “to drink”, akin to syrup, sherbet and sorbet.",verb: To mispronounce (a word or words) in another language in a manner that is influenced by one's mother tongue.,Of unknown origin..,,
stead,3.19,False,2,2,"noun: The position or function (of someone or something), as taken on by a successor.","From Middle English sted and Middle English steden, from Old English stede, from Proto-Germanic *stadiz “place”, from PIE *stéh₂tis “standing, location”..",noun: One's partner in a romantic relationship.,Clipping of steady.,,,,
sulfate,3.19,False,2,2,noun: Any salt or ester of sulfuric acid.,"From French sulfate, from New Latin sulphatum, taken from the expression Latin acidum sulphatum “sulfuric acid”, from Latin sulphatus, from Latin sulphur “sulfur”.","verb: To treat something with sulfuric acid, a sulfate, or with sulfur dioxide.","From the above noun, through -ate.",,,,
grate,3.17,False,4,2,"noun: A horizontal metal grill through which liquid, ash, or small objects can fall, while larger objects cannot.","From Middle English grate, from a Medieval Latin crāta, from a Latin word for a hurdle;","verb: To shred (things, usually foodstuffs), by rubbing across a grater.","From Middle English graten, from Old French grater ( > gratter), from Frankish *krattōn, from Proto-Germanic *krattōną.",,,,
leech,3.17,False,4,2,"noun: A typically aquatic blood-sucking annelid of the subclass, especially.","From Middle English leche “blood-sucking worm”, from Old English lǣċe “blood-sucking worm”, akin to lake lāke (""blood-sucking worm"";",noun: The vertical edge of a square sail.,"From Middle English lek, Middle English leche, Middle English lyche, from Old Norse lík “leechline”, from Proto-West Germanic *līk, from Proto-Germanic *līką (compare lyk, lijk, geleich), from PIE *leyǵ- ‘to bind’ (compare ligō, нали́гати,…",,,,
kennel,3.16,False,2,2,noun: A house or shelter for a dog.,"From Middle English kenel, Middle English kenell, borrowed from Anglo-Norman *kenil, northern variant of Old French chenil, from Vulgar Latin *canīle, from Latin canis.",noun: The gutter at the edge of a street;,"From Middle English canel, from Old French canel, from Latin canālis “channel;",,,,
redress,3.15,False,2,2,verb: To put in order again;,"From Middle English redressen, from Anglo-Norman radresser, nrf redrescer, nrf redrescier and Middle French redresser “to stand#Verb” (modern redresser), from Old French redrecier “to stand (someone or something) up;",verb: To dress again.,,,,,
stoop,3.14,False,4,3,"noun: A stooping, bent position of the body.","From Middle English stoupen, from Old English stūpian, from Proto-West Germanic *stūpōn, from Proto-Germanic *stūpōną, Proto-Germanic *stūpijaną, from PIE *(s)tewb-.",noun: A vessel for holding liquids;,"From Middle English stope, Middle English stoupe, from Old Norse staup, from Proto-Germanic *staupą, related to the verb Proto-Germanic *staupijaną.",noun: The staircase and landing or porch leading to the entrance of a residence.,"Borrowed from Dutch stoep “platform"", ""pavement”..",,
diss,3.14,False,3,3,"verb: To put (someone) down, or show disrespect by the use of insulting language or dismissive behaviour.","Originated in Jamaican English or African American Vernacular English, probably originally a Clipping of disrespect or disparage, both from the prefix dis-, ultimately from Latin dis-.",noun: Dissertation.,Clipping of dissertation.,"noun: syn., a reedy grass used for cordage.",,,
fluke,3.14,False,3,2,noun: A lucky or improbable occurrence that could probably never be repeated.,"Unknown, perhaps dialectal.",noun: A summer flounder (),"From Old English flōc “flatfish”, of Germanic - origin, related to flach, floke, all ultimately from Proto-Germanic *flakaz.",,,,
modal,3.13,False,2,2,"adjective: Of, or relating to a mode or modus.","From Middle French modal, from Medieval Latin modālis “pertaining to a mode”, from Latin modus “mode”.","noun: A semi-synthetic fabric, a very soft kind of rayon textile made from beech tree pulp and processed with chemicals.",A genericized trademark of Lenzing AG.,,,,
quail,3.13,False,2,2,verb: To waste away;,"From Middle English quaylen, from Middle Dutch queilen, Middle Dutch quēlen, from Old Dutch *quelan, from Proto-West Germanic *kwelan, from Proto-Germanic *kwelaną..","noun: Any of various small game birds of the genera, or in the Old World family or of the New World family.","From Middle English quayle, Middle English quaile, Middle English quaille, from Anglo-Norman quaille, from Late Latin quaccola.",,,,
grapple,3.12,False,3,2,verb: To seize something and hold it firmly.,"From, from (compare ġegræppian), from, Proto-Germanic *grabbalōną “to seize”, from, equivalent to grab + le.",noun: A combination of grape and apple flavors.,Blend of grape + apple.,,,,
mow,3.1,False,4,3,verb: To cut down grass or crops.,"From Middle English mowen (participle Middle English mowen), from Old English māwan (past tense Old English mēow, past participle Old English māwen), from Proto-West Germanic *māan, from Proto-Germanic *mēaną, from PIE *h₂meh₁- “to mow, re…","verb: To make grimaces, mock.","From Middle English mowe, from Old French moe “grimace”, from Frankish *mauwu, from Proto-Germanic *mawwō “muff, sleeve”.","noun: A stack of hay, corn, beans or a barn for the storage of hay, corn, beans.","From Middle English mowe, form Old English mūga, Old English mūha, from Proto-West Germanic *mūgō, Proto-West Germanic *mūhō, from Proto-Germanic *mūgô, Proto-Germanic *mūhō;",,
penultimate,3.09,False,2,2,"adjective: Next to last, second to last;","From paenultimus + -ate, from paene + ultimus.","noun: A penult, a next to last, particularly:",From a substantivation of the above adjective.,,,,
slough,3.06,False,2,2,noun: The skin shed by a snake or other reptile.,"From Middle English slogh, Middle English slugh, Middle English slouh, from Proto-Germanic *sluk-, perhaps related to Proto-Germanic *sleupaną (compare 𐍃𐌻𐌹𐌿𐍀𐌰𐌽).",noun: A marshy or muddy area.,From Middle English slough “muddy place;,,,,
hap,3.04,False,4,3,noun: Happenings;,,"noun: A wrap, such as a quilt or a comforter.",,noun: Any of the cichlid fishes of the tribe.,Shortening of New Latin -.,,
dredge,3.04,False,2,2,noun: Any instrument used to gather or take by dragging;,"From Scots dreg-boat, Scots dreg-bot (from Old English *dreċġ);",noun: A large shaker for sprinkling spices or seasonings during food preparation.,"From Middle English dragge, from Old French dragee, Old French dragie, from Latin tragēmata, from Ancient Greek τραγήματα “spices”, plural of Ancient Greek τράγημα “dried fruit”.",,,,
curate,3.03,False,3,3,noun: An assistant rector or vicar.,"Borrowed from Medieval Latin cūrātus, a substantivation of the of Latin cūrō..",verb: To act as a curator for.,on the basis of -ate.,noun: An oxyanion of curium;,,,
fawn,3.02,False,2,2,noun: A young deer.,"From Middle English foun, from Old French feon, from Vulgar Latin *feto, from Latin fētus “offspring, young”, from PIE *dʰeh₁(y)- “to suckle, nurse”.","verb: To show devotion or submissiveness by wagging its tail, nuzzling, licking, etc.","From Middle English fawnen, from Old English fagnian, alternative form of Old English fæġnian, whence fainen, fain.",,,,
shag,3.02,False,6,5,noun: Matted material;,"From Middle English *schagge, from Old English sċeacga, from Proto-Germanic *skaggô, Proto-Germanic *skaggiją, Proto-Germanic, possibly from PIE *(s)kek- “to jump, move, hurry”.","verb: To shake, wiggle around.","From Middle English schaggen, a variant of schoggen, of Uncertain origin.",noun: A fundraising dance in honour of a couple engaged to be married.,Blend of shower + stag.,noun: Friend;,Unknown.
chit,3.01,False,5,3,noun: A child or babe;,"From Middle English chitte, from Old English *ċytten, Old English *ċietten, Old English *ċitten, from Proto-West Germanic *kittīn, from Proto-Germanic *kittīną.",noun: A small sheet of paper on which is written a prescription to be filled;,"From chitty, from Hindi चिट्ठी “letter, note, written message”..",noun: .,Euphemistic variation of shit.,,
drab,3.01,False,6,4,"noun: A fabric, usually of thick cotton or wool, having a dull brownish yellow, dull grey, or dun colour.","Probably from Middle French - and Old French drap, either: * from Late Latin drappus, most likely from cel-gau *drappo, from PIE *drep-;","noun: A small amount, especially of money.",Probably related to drop.,noun: A box used in a saltworks for holding the salt when taken out of the boiling pans.,Unknown.,noun: An instance of a transgender or non-binary person presenting as the gender corresponding to their sex assigned at birth instead of that corresponding to their…,"Alteration of drag, possibly via the folk-etymological backronym ""DRessed As a Girl"" (with boy replacing girl)."
skew,3.01,False,3,2,"noun: A stone at the foot of the slope of a gable, the offset of a buttress, etc., cut with a sloping surface and with a check to receive the coping stones and retai…","From Middle English skeu, Middle English skew, from Anglo-Norman eschu, Old French escuwe, Old French eskeu, or Old Northern French eschieu, Old French eskieu, Old French eskiu, from Old French escu, Old French escut, Old French eschif (mo…",noun: A thick drizzling rain or driving mist.,"Perhaps from a Cornish word, though the closest Cornish word is kuas/cwas, which would require much phonological modification;",,,,
mew,3.0,False,4,3,"noun: A cage for hawks, especially while moulting.","From Middle English mewe, Middle English mue, Middle English mwe, from Anglo-Norman mue, Old French muwe, and Middle French mue “shedding feathers;",noun: The crying sound of a cat;,From Middle English mewen;,"verb: To flatten one's tongue against the roof of the mouth, with the aim of improving jaw and facial structure.",Named after British orthodontists John Mew and his son Michael Mew.,,
savory,3.0,False,2,2,"adjective: Tasty, attractive to the palate.","From the Middle English savory, Middle English savourie, from Old French savouré, from Old French savourer, from Late Latin sapōrō, from Latin sapor, from Latin sapio “taste of, have a flavour of”.","noun: Any of several Mediterranean herbs, of the genus, grown as culinary flavourings.","From Middle English saverey, possibly from Old English sæþerie, from Latin satureia, influenced by or via Old French savereie.",,,,
bower,3.0,False,7,3,"noun: A bedroom or private apartments, especially for a woman in a medieval castle.","From Middle English bour, from Old English būr, from Proto-West Germanic *būr, from Proto-Germanic *būrą.","noun: A type of ship's anchor, carried at the bow.",From the bow of a ship -er.,"noun: A young hawk, when it begins to leave the nest.","From, compare brancher.",,
